StartDate,EndDate,Status,IPAddress,Progress,Duration (in seconds),Finished,RecordedDate,ResponseId,RecipientLastName,RecipientFirstName,RecipientEmail,ExternalReference,LocationLatitude,LocationLongitude,DistributionChannel,UserLanguage,Consent,Age,Gender,School,School_5_TEXT,Native Language,Years in English,Ethnicity,Ethnicity_6_TEXT,Born Place,US time,Mom born place,Dad born place,Employment,Family Income,Envy1,Envy2,Envy3,Envy4,Envy5,Envy6,Envy7,Envy8,B1,M1,B2,B3,M2,M3,Attention 1,B4,M4,B5,M5,Think being envied,envier behavior,envier behavior_4_TEXT,unfair success,unfair success_5_TEXT,respond to envied,respond to envied_6_TEXT,envied relationship,General Enjoy Envied,Personal Achievement,Physical Attractive,Academic Achievement,Popularity,Body-Naked:_1,Body-Naked:_2,Body-Bowel_1,Body-Bowel_2,Body-Genital_1,Body-Genital_2,Judgement-Ignorance_1,Judgement-Ignorance_2,Judgement-Trivial_1,Judgement-Trivial_2,Judgement-Smoke_1,Judgement-Smoke_2,Attention2,Feedback
2/12/2021 15:35,2/12/2021 15:48,IP Address,47.153.67.91,100,802,TRUE,2/12/2021 15:48,R_33EzEcxuzRTSoN0,,,,,33.80589294,-117.3466034,anonymous,EN,Yes,20,Female,Junior,,"100%		English (US)",,Hispanic/Latino,,United States of America,99,United States of America,Mexico,Unemployed,"$25,000-$50,000",,,,,,,,,Somewhat disagree,Somewhat agree,Somewhat disagree,Somewhat disagree,Agree,Somewhat disagree,Strongly agree,Agree,Agree,Somewhat disagree,Somewhat disagree,Yes,The person behaved in a hostile way towards you.,,"Yes,the other person thought you did not deserve your success.",,I ignored it.,,1,Dislike,Somewhat like,Like,Somewhat dislike,Somewhat like,7,7,2,2,4,4,5,5,2,2,3,3,33,
2/12/2021 16:43,2/12/2021 16:50,IP Address,75.80.50.147,100,401,TRUE,2/12/2021 16:50,R_3EA9tQf8t7svzAu,,,,,32.85949707,-117.2124023,anonymous,EN,Yes,21,Female,Senior,,"100%		English (US)",,Asian or Pacific Islander,,United States of America,,China,China,Unemployed,"$100,000-$200,000",,,,,,,,,Agree,Neither agree nor disagree,Agree,Agree,Disagree,Strongly disagree,Strongly disagree,Agree,Disagree,Somewhat agree,Disagree,Yes,The person said he/she was envious of you.,,No,,I was nice to the person.,,7,Somewhat dislike,Dislike,Strongly Dislike,Dislike,Dislike,7,6,7,7,7,7,4,4,3,3,5,4,33,None
2/12/2021 16:40,2/12/2021 16:51,IP Address,104.51.74.106,100,669,TRUE,2/12/2021 16:51,R_123Wny1hh4ZzAGw,,,,,32.65390015,-116.9772949,anonymous,EN,Yes,18,Female,Freshman,,"	Spanish",15,Hispanic/Latino,,United States of America,,Mexico,Spain,Unemployed,"More than $200,000",,,,,,,,,Agree,Neither agree nor disagree,Agree,Strongly agree,Disagree,Somewhat agree,Strongly disagree,Strongly agree,Somewhat agree,Agree,Somewhat disagree,Yes,The person behaved in a hostile way towards you.,,No,,I ignored it.,,7,Dislike,Strongly Dislike,Dislike,Somewhat like,Dislike,7,7,7,7,7,7,6,3,2,2,5,3,33,
2/12/2021 17:40,2/12/2021 17:50,IP Address,68.8.94.114,100,608,TRUE,2/12/2021 17:50,R_12ljVz8wtYa9g9R,,,,,32.60650635,-117.0579987,anonymous,EN,Yes,20,Female,Sophomore,,"	Spanish",19,Hispanic/Latino,,United States of America,,United States of America,United States of America,Unemployed,"$50,000-$100,000",,,,,,,,,Strongly agree,Strongly disagree,Strongly agree,Neither agree nor disagree,Strongly disagree,Strongly disagree,Strongly disagree,Neither agree nor disagree,Disagree,Somewhat agree,Strongly disagree,Yes,Other,all the above,"Yes,the other person thought you did not deserve your success.",,I distanced myself from the person,,7,Strongly dislike,Strongly Dislike,Strongly Dislike,Strongly Dislike,Strongly Dislike,6,7,6,7,7,7,1,1,1,1,0,0,33,"you could not choose ""one"" on the scare unless you moved it which make it awkward to respond"
2/12/2021 17:42,2/12/2021 17:55,IP Address,97.93.48.190,100,767,TRUE,2/12/2021 17:55,R_6gLP9Bn74ZB3TuV,,,,,33.86650085,-118.066803,anonymous,EN,Yes,20,Female,Sophomore,,"	Korean",11,Asian or Pacific Islander,,South Korea,10,South Korea,South Korea,Unemployed,"$100,000-$200,000",,,,,,,,,Strongly agree,Disagree,Strongly agree,Agree,Somewhat disagree,Disagree,Strongly disagree,Agree,Strongly disagree,Agree,Neither agree nor disagree,No,,,,,,,,,Somewhat like,Neither like nor dislike,Like,Somewhat like,6,7,2,2,6,6,1,1,5,7,3,4,33,none
2/12/2021 17:59,2/12/2021 18:11,IP Address,99.76.229.247,100,746,TRUE,2/12/2021 18:11,R_1lo8wjXhVeXW9xs,,,,,32.85949707,-117.2124023,anonymous,EN,Yes,20,Female,Freshman,,"	Chinese (Simplified)",5,Asian or Pacific Islander,,China,5,China,China,Unemployed,"More than $200,000",,,,,,,,,Agree,Neither agree nor disagree,Agree,Somewhat agree,Neither agree nor disagree,Somewhat agree,Strongly disagree,Agree,Agree,Agree,Somewhat agree,Yes,The person behaved coldly towards you.,,"Yes, the other person thought you have advantages because of lucky.",,I ignored it.,,4,Dislike,Dislike,Somewhat dislike,Dislike,Dislike,7,5,2,2,7,4,3,2,1,1,1,4,33,
2/12/2021 18:22,2/12/2021 18:29,IP Address,161.35.224.198,100,471,TRUE,2/12/2021 18:29,R_Xj2JjzwS9tFwfsZ,,,,,37.39309692,-121.9620056,anonymous,EN,Yes,20,Female,Junior,,"	Chinese (Simplified)",8,Asian or Pacific Islander,,China,3,China,China,Employed part time,"Less than $25,000",,,,,,,,,Agree,Neither agree nor disagree,Agree,Agree,Somewhat agree,Somewhat disagree,Strongly agree,Neither agree nor disagree,Somewhat agree,Somewhat agree,Somewhat disagree,No,,,,,,,,,Somewhat like,Somewhat like,Dislike,Neither like nor dislike,7,6,4,4,6,6,2,2,1,1,2,4,33,
2/12/2021 19:21,2/12/2021 19:31,IP Address,172.90.48.128,100,600,TRUE,2/12/2021 19:31,R_2amHbwvnDRa8TtY,,,,,33.81599426,-117.9692001,anonymous,EN,Yes,22,Female,Senior,,"	Spanish",18,Hispanic/Latino,,United States of America,,Mexico,Mexico,Employed part time,"$25,000-$50,000",,,,,,,,,Somewhat agree,Somewhat agree,Somewhat agree,Somewhat disagree,Disagree,Disagree,Strongly disagree,Neither agree nor disagree,Disagree,Neither agree nor disagree,Disagree,No,,,,,,,,,Dislike,Dislike,Somewhat dislike,Dislike,6,2,1,1,6,4,3,1,1,1,1,2,33,
2/12/2021 19:12,2/12/2021 19:43,IP Address,76.167.215.190,100,1805,TRUE,2/12/2021 19:43,R_2SoANvT7yoTgrlf,,,,,32.85949707,-117.2124023,anonymous,EN,Yes,20,Female,Junior,,"100%		English (US)",,Caucasian,,United States of America,,United States of America,United States of America,Employed part time,"$100,000-$200,000",,,,,,,,,Agree,Somewhat agree,Agree,Somewhat agree,Somewhat agree,Somewhat agree,Strongly disagree,Agree,Somewhat agree,Somewhat disagree,Agree,Yes,Other,they copied me,No,,I was nice to the person.,,6,Somewhat like,Somewhat dislike,Somewhat like,Somewhat like,Somewhat like,5,3,4,3,6,4,5,6,1,1,2,2,33,
2/12/2021 20:07,2/12/2021 20:15,IP Address,98.255.98.132,100,496,TRUE,2/12/2021 20:15,R_26ky8oLLlTh0YEr,,,,,37.29719543,-120.4638977,anonymous,EN,Yes,20,Female,Junior,,"100%		English (US)",,Asian or Pacific Islander,,United States of America,,Philippines,Philippines,Unemployed,"Less than $25,000",,,,,,,,,Somewhat agree,Neither agree nor disagree,Somewhat disagree,Disagree,Strongly disagree,Disagree,Strongly disagree,Somewhat disagree,Neither agree nor disagree,Neither agree nor disagree,Disagree,Yes,The person behaved coldly towards you.,,"Yes,the other person thought you did not deserve your success.",,I downplayed my success.,,3,Dislike,Somewhat dislike,Somewhat dislike,Strongly Dislike,Neither like nor dislike,7,5,7,5,7,5,3,6,3,3,4,6,33,
2/12/2021 20:01,2/12/2021 20:19,IP Address,69.132.85.176,100,1057,TRUE,2/12/2021 20:19,R_d54DPlRXF8OHn2h,,,,,35.2315979,-80.84279633,anonymous,EN,Yes,26,Female,Junior,,"	Russian",5,Caucasian,,Russian Federation,5,Russian Federation,Russian Federation,Unemployed,"$50,000-$100,000",,,,,,,,,Agree,Disagree,Somewhat agree,Disagree,Disagree,Disagree,Strongly disagree,Somewhat agree,Somewhat agree,Somewhat agree,Neither agree nor disagree,Yes,The person behaved in a hostile way towards you.,,No,,I was nice to the person.,,4,Strongly dislike,Dislike,Somewhat dislike,Strongly Dislike,Strongly Dislike,4,4,5,5,2,2,1,1,1,1,0,0,33,
2/12/2021 21:10,2/12/2021 21:18,IP Address,99.127.179.109,100,529,TRUE,2/12/2021 21:18,R_2B9viPiIY9fKlSB,,,,,32.73980713,-117.0270004,anonymous,EN,Yes,20,Male,Junior,,"100%		English (US)",,Caucasian,,United States of America,,United States of America,Canada,Employed part time,"$100,000-$200,000",,,,,,,,,Somewhat agree,Somewhat disagree,Agree,Agree,Somewhat agree,Agree,Strongly disagree,Agree,Somewhat agree,Somewhat agree,Neither agree nor disagree,No,,,,,,,,,Dislike,Like,Like,Somewhat like,3,2,6,5,4,3,2,3,2,2,3,4,33,
2/12/2021 22:24,2/12/2021 22:32,IP Address,73.92.122.20,100,492,TRUE,2/12/2021 22:32,R_3CUA9HJlkC8GDSz,,,,,37.76179504,-121.9132996,anonymous,EN,Yes,18,Female,Freshman,,"	Korean",13,Asian or Pacific Islander,,South Korea,14,South Korea,South Korea,Unemployed,"More than $200,000",,,,,,,,,Somewhat agree,Neither agree nor disagree,Agree,Somewhat disagree,Strongly disagree,Strongly disagree,Strongly disagree,Somewhat agree,Somewhat agree,Somewhat agree,Disagree,Yes,The person behaved in a hostile way towards you.,,"Yes,the other person thought you did something unfair or improper.",,I distanced myself from the person,,1,Strongly dislike,Strongly Dislike,Strongly Dislike,Strongly Dislike,Strongly Dislike,7,6,3,5,7,5,2,4,1,1,7,3,33,
2/12/2021 22:37,2/12/2021 23:00,IP Address,104.180.195.156,100,1387,TRUE,2/12/2021 23:00,R_1KoPOXjEpWdZMyO,,,,,35.38690186,-119.1744995,anonymous,EN,Yes,18,Female,Freshman,,"100%		English (US)",,Asian or Pacific Islander,,United States of America,,Philippines,Philippines,Unemployed,I prefer not to say,,,,,,,,,Somewhat agree,Somewhat disagree,Somewhat agree,Neither agree nor disagree,Disagree,Strongly disagree,Strongly disagree,Neither agree nor disagree,Strongly disagree,Somewhat agree,Strongly disagree,No,,,,,,,,,Neither like nor dislike,Neither like nor dislike,Somewhat dislike,Neither like nor dislike,4,5,3,4,7,6,1,1,1,1,1,2,33,
2/12/2021 23:48,2/13/2021 0:00,IP Address,107.148.208.120,100,690,TRUE,2/13/2021 0:00,R_2rTNYtSfyrp4e7s,,,,,31.05490112,121.3493042,anonymous,EN,Yes,20,Male,Junior,,"	Chinese (Simplified)",6,Asian or Pacific Islander,,China,6,China,China,Not Applicable/Other,"$100,000-$200,000",,,,,,,,,Somewhat disagree,Agree,Disagree,Somewhat disagree,Agree,Somewhat agree,Strongly disagree,Somewhat agree,Neither agree nor disagree,Somewhat disagree,Neither agree nor disagree,Yes,The person behaved coldly towards you.,,"Yes,the other person thought you did not deserve your success.",,I distanced myself from the person,,3,Somewhat like,Neither like nor dislike,Like,Like,Somewhat dislike,6,7,7,6,6,7,7,5,5,5,2,1,33,
2/13/2021 0:06,2/13/2021 0:10,IP Address,128.54.194.225,100,258,TRUE,2/13/2021 0:10,R_1d9TM285kWOB7FT,,,,,32.85150146,-117.2798004,anonymous,EN,Yes,19,Male,Freshman,,"	Chinese (Simplified)",6,Asian or Pacific Islander,,China,5,China,China,Employed part time,I prefer not to say,,,,,,,,,Neither agree nor disagree,Somewhat agree,Neither agree nor disagree,Somewhat agree,Neither agree nor disagree,Somewhat agree,Somewhat agree,Somewhat agree,Somewhat agree,Neither agree nor disagree,Somewhat agree,Yes,The person behaved in a hostile way towards you.,,"Yes,the other person thought you did not deserve your success.",,I ignored it.,,4,Neither like nor dislike,Neither like nor dislike,Neither like nor dislike,Neither like nor dislike,Somewhat dislike,4,5,5,3,3,5,5,3,3,5,3,3,33,
2/13/2021 0:14,2/13/2021 0:27,IP Address,128.54.170.253,100,754,TRUE,2/13/2021 0:27,R_1igpOL386OXTH14,,,,,32.85150146,-117.2798004,anonymous,EN,Yes,19,Female,Freshman,,"	Chinese (Simplified)",4,Asian or Pacific Islander,,China,5,China,China,Unemployed,I prefer not to say,,,,,,,,,Agree,Somewhat disagree,Strongly agree,Somewhat agree,Strongly disagree,Neither agree nor disagree,Strongly disagree,Agree,Somewhat agree,Somewhat disagree,Disagree,Yes,The person behaved coldly towards you.,,No,,I ignored it.,,6,Neither like nor dislike,Neither like nor dislike,Strongly like,Like,Neither like nor dislike,7,7,6,7,6,7,5,2,3,1,6,7,33,
2/13/2021 0:14,2/13/2021 0:30,IP Address,70.95.167.118,100,948,TRUE,2/13/2021 0:30,R_3jTff4qpw4KNb9h,,,,,32.85949707,-117.2124023,anonymous,EN,Yes,20,Male,Junior,,"100%		English (US)",,Other,Mixed,United States of America,,United States of America,Somalia,Employed part time,"$100,000-$200,000",,,,,,,,,Somewhat agree,Somewhat agree,Agree,Agree,Somewhat disagree,Somewhat disagree,Strongly disagree,Somewhat agree,Somewhat disagree,Agree,Disagree,No,,,,,,,,,Somewhat dislike,Somewhat like,Somewhat like,Somewhat dislike,5,5,1,1,2,1,2,1,5,4,6,6,33,
2/13/2021 3:04,2/13/2021 3:33,IP Address,27.17.171.58,100,1751,TRUE,2/13/2021 3:33,R_tWfzSS0jlUwzMgF,,,,,30.58900452,114.2680969,anonymous,EN,Yes,21,Male,Junior,,"	Chinese (Simplified)",5,Asian or Pacific Islander,,China,3,China,China,Unemployed,"More than $200,000",,,,,,,,,Somewhat agree,Disagree,Strongly agree,Neither agree nor disagree,Strongly disagree,Strongly disagree,Strongly disagree,Neither agree nor disagree,Strongly disagree,Disagree,Strongly disagree,Yes,The person behaved in a hostile way towards you.,,"Yes, the other person thought you have advantages because of lucky.",,I ignored it.,,3,Neither like nor dislike,Neither like nor dislike,Neither like nor dislike,Neither like nor dislike,Neither like nor dislike,5,5,2,2,7,7,2,2,1,2,1,1,33,
2/13/2021 7:30,2/13/2021 7:47,IP Address,120.230.86.233,100,1001,TRUE,2/13/2021 7:47,R_5mYFJ6URTVVLmVj,,,,,23.11810303,113.2539063,anonymous,EN,Yes,19,Female,Sophomore,,"	Chinese (Simplified)",15,Asian or Pacific Islander,,China,10,China,China,Employed part time,I prefer not to say,,,,,,,,,Agree,Disagree,Strongly agree,Strongly agree,Neither agree nor disagree,Somewhat disagree,Strongly disagree,Agree,Disagree,Agree,Disagree,Yes,The person behaved in a hostile way towards you.,,"Yes, the other person thought you have advantages because of lucky.",,I was nice to the person.,,4,Dislike,Somewhat like,Neither like nor dislike,Like,Somewhat like,7,6,6,4,6,5,5,3,3,2,3,1,33,
2/13/2021 9:21,2/13/2021 9:33,IP Address,137.110.37.62,100,742,TRUE,2/13/2021 9:33,R_1mgXunEH9UaLHgm,,,,,32.85949707,-117.2124023,anonymous,EN,Yes,21,Female,Sophomore,,"	Chinese (Simplified)",12,Asian or Pacific Islander,,China,2,China,China,Not Applicable/Other,"$50,000-$100,000",,,,,,,,,Somewhat agree,Neither agree nor disagree,Agree,Neither agree nor disagree,Neither agree nor disagree,Somewhat disagree,Strongly disagree,Somewhat agree,Somewhat agree,Somewhat agree,Somewhat disagree,Yes,Other,You can sense some weird wording and sentences when they talk,"Yes, the other person thought you have advantages because of lucky.",,I was nice to the person.,,5,Dislike,Dislike,Somewhat like,Somewhat dislike,Neither like nor dislike,5,7,5,7,5,7,4,6,1,4,3,5,33,
2/13/2021 9:40,2/13/2021 9:49,IP Address,108.75.134.223,100,536,TRUE,2/13/2021 9:49,R_1yLUCy6Bs2eX6tb,,,,,32.95109558,-117.2240982,anonymous,EN,Yes,21,Female,Senior,,"100%		English (US)",,Asian or Pacific Islander,,United States of America,,China,China,Employed part time,"$50,000-$100,000",,,,,,,,,Strongly agree,Strongly agree,Strongly agree,Strongly agree,Strongly agree,Strongly agree,Strongly disagree,Strongly agree,Strongly agree,Strongly agree,Strongly agree,Yes,The person said he/she was envious of you.,,No,,I downplayed my success.,,5,Strongly like,Strongly like,Strongly like,Strongly like,Strongly like,1,1,4,4,1,1,1,1,1,1,7,7,33,
2/13/2021 10:53,2/13/2021 11:11,IP Address,98.153.146.230,100,1087,TRUE,2/13/2021 11:11,R_3ewRbhVJpsjeJyu,,,,,34.03370667,-118.3508987,anonymous,EN,Yes,28,Female,Senior,,"	Spanish (Latin America)",23,Hispanic/Latino,,Mexico,23,Mexico,Mexico,Employed full time,"$50,000-$100,000",,,,,,,,,Somewhat disagree,Neither agree nor disagree,Strongly disagree,Strongly disagree,Strongly disagree,Strongly disagree,Strongly disagree,Disagree,Strongly disagree,Somewhat agree,Strongly disagree,Yes,The person said he/she was envious of you.,,No,,I distanced myself from the person,,5,Strongly dislike,Somewhat dislike,Strongly Dislike,Somewhat dislike,Strongly Dislike,1,7,1,1,1,4,3,1,2,5,1,7,33,
2/13/2021 11:08,2/13/2021 11:26,IP Address,76.88.100.61,100,1047,TRUE,2/13/2021 11:26,R_3GDMoGT0o0WdjQI,,,,,32.82460022,-117.1970978,anonymous,EN,Yes,21,Male,Junior,,"100%		English (US)",,Asian or Pacific Islander,,United States of America,,China,China,Employed part time,"$50,000-$100,000",,,,,,,,,Agree,Agree,Agree,Agree,Somewhat disagree,Disagree,Strongly disagree,Somewhat disagree,Neither agree nor disagree,Somewhat disagree,Neither agree nor disagree,Yes,The person behaved coldly towards you.,,"Yes,the other person thought you did not deserve your success.",,I ignored it.,,4,Neither like nor dislike,Neither like nor dislike,Somewhat dislike,Like,Somewhat like,5,3,3,2,7,7,5,5,3,2,6,5,33,
2/13/2021 12:04,2/13/2021 12:14,IP Address,75.140.94.18,100,572,TRUE,2/13/2021 12:14,R_2Cxok2hPVyWiPiI,,,,,34.14729309,-118.1445999,anonymous,EN,Yes,21,Female,Senior,,"100%		English (US)",,Other,mixed russian/chinese,United States of America,,Belarus,China,Unemployed,"More than $200,000",,,,,,,,,Strongly agree,Strongly disagree,Strongly agree,Strongly agree,Strongly disagree,Strongly disagree,Strongly disagree,Strongly agree,Strongly disagree,Strongly agree,Strongly disagree,Yes,The person said he/she was envious of you.,,No,,I downplayed my success.,,6,Neither like nor dislike,Strongly Dislike,Strongly Dislike,Dislike,Strongly Dislike,4,3,2,1,4,3,2,1,2,1,4,3,33,
2/13/2021 12:08,2/13/2021 12:24,IP Address,128.54.179.208,100,920,TRUE,2/13/2021 12:24,R_2v7l6D8Bou8cw7c,,,,,32.85150146,-117.2798004,anonymous,EN,Yes,20,Female,Junior,,"	Spanish",15,Hispanic/Latino,,United States of America,,Mexico,Mexico,Unemployed,"$50,000-$100,000",,,,,,,,,Somewhat agree,Agree,Somewhat agree,Neither agree nor disagree,Somewhat agree,Somewhat disagree,Strongly disagree,Agree,Somewhat disagree,Agree,Somewhat agree,No,,,,,,,,,Strongly Dislike,Strongly Dislike,Dislike,Dislike,1,2,4,3,6,7,3,3,1,1,0,3,33,
2/13/2021 12:10,2/13/2021 12:24,IP Address,128.54.169.67,100,817,TRUE,2/13/2021 12:24,R_ewYs6SdALa2jCIF,,,,,32.85150146,-117.2798004,anonymous,EN,Yes,20,Female,Junior,,"100%		English (US)",,Caucasian,,United States of America,,Sweden,United States of America,Employed part time,"More than $200,000",,,,,,,,,Somewhat agree,Somewhat disagree,Somewhat agree,Disagree,Disagree,Somewhat agree,Strongly disagree,Somewhat agree,Neither agree nor disagree,Somewhat agree,Disagree,Yes,The person said he/she was envious of you.,,"Yes, the other person thought you have advantages because of lucky.",,I was nice to the person.,,7,Somewhat dislike,Neither like nor dislike,Dislike,Somewhat dislike,Dislike,6,4,4,3,6,4,2,2,2,2,2,3,33,
2/13/2021 12:15,2/13/2021 12:29,IP Address,76.206.205.172,100,825,TRUE,2/13/2021 12:29,R_32UWNocMU2UYPi2,,,,,33.21090698,-117.2232056,anonymous,EN,Yes,19,Female,Sophomore,,"100%		English (US)",,Hispanic/Latino,,United States of America,,United States of America,United States of America,Employed part time,"Less than $25,000",,,,,,,,,Agree,Somewhat agree,Agree,Somewhat agree,Disagree,Somewhat disagree,Strongly disagree,Neither agree nor disagree,Disagree,Somewhat agree,Disagree,Yes,The person said he/she was envious of you.,,"Yes, the other person thought you have advantages because of lucky.",,I ignored it.,,1,Dislike,Neither like nor dislike,Somewhat dislike,Neither like nor dislike,Somewhat like,6,4,6,2,6,3,3,1,6,3,2,5,33,N/A
2/13/2021 13:00,2/13/2021 13:07,IP Address,66.214.174.212,100,428,TRUE,2/13/2021 13:07,R_2YhyjHRlzCNFzjb,,,,,34.05819702,-118.1259995,anonymous,EN,Yes,19,Female,Sophomore,,"100%		English (US)",,Hispanic/Latino,,United States of America,,Mexico,Guatemala,Employed part time,"$50,000-$100,000",,,,,,,,,Agree,Somewhat agree,Agree,Somewhat agree,Disagree,Disagree,Strongly disagree,Somewhat agree,Disagree,Somewhat disagree,Disagree,Yes,The person behaved in a hostile way towards you.,,"Yes,the other person thought you did not deserve your success.",,I downplayed my success.,,3,Somewhat like,Dislike,Neither like nor dislike,Somewhat like,Somewhat like,7,6,4,4,7,7,6,4,1,5,7,7,33,Nope!
2/13/2021 13:41,2/13/2021 13:48,IP Address,99.127.182.207,100,441,TRUE,2/13/2021 13:48,R_3ESeJcol16LrVnt,,,,,33.16610718,-117.0932007,anonymous,EN,Yes,22,Female,Junior,,"100%		English (US)",,Caucasian,,United States of America,,United States of America,United States of America,Unemployed,I prefer not to say,,,,,,,,,Somewhat disagree,Disagree,Somewhat disagree,Neither agree nor disagree,Disagree,Somewhat disagree,Strongly disagree,Somewhat disagree,Disagree,Somewhat disagree,Disagree,No,,,,,,,,,Neither like nor dislike,Somewhat like,Neither like nor dislike,Neither like nor dislike,2,2,3,4,2,2,2,2,1,1,0,0,33,
2/13/2021 13:40,2/13/2021 13:53,IP Address,75.80.151.112,100,761,TRUE,2/13/2021 13:53,R_3QMGcQIuMN55nR5,,,,,32.82460022,-117.1970978,anonymous,EN,Yes,21,Male,Junior,,"100%		English (US)",,African American,,United States of America,,Nigeria,Nigeria,Employed part time,"Less than $25,000",,,,,,,,,Neither agree nor disagree,Somewhat disagree,Somewhat agree,Neither agree nor disagree,Strongly disagree,Strongly disagree,Strongly disagree,Neither agree nor disagree,Strongly disagree,Somewhat agree,Strongly disagree,No,,,,,,,,,Strongly Dislike,Strongly Dislike,Dislike,Dislike,1,1,2,2,1,1,1,1,1,1,2,2,33,
2/13/2021 14:27,2/13/2021 14:31,IP Address,172.56.31.87,100,210,TRUE,2/13/2021 14:31,R_1gAXkgXsQAqaUa2,,,,,34.20010376,-118.4456024,anonymous,EN,Yes,21,Female,Senior,,"100%		English (US)",,Asian or Pacific Islander,,Andorra,5,Algeria,Andorra,Self-employed,"$100,000-$200,000",,,,,,,,,Neither agree nor disagree,Neither agree nor disagree,Neither agree nor disagree,Neither agree nor disagree,Neither agree nor disagree,Neither agree nor disagree,Neither agree nor disagree,Neither agree nor disagree,Neither agree nor disagree,Neither agree nor disagree,Neither agree nor disagree,Yes,The person behaved in a hostile way towards you.,,"Yes, the other person thought you have advantages because of lucky.",,I downplayed my success.,,4,Neither like nor dislike,Neither like nor dislike,Neither like nor dislike,Neither like nor dislike,Neither like nor dislike,2,2,1,1,1,1,1,1,1,1,0,0,36,no
2/13/2021 15:03,2/13/2021 15:14,IP Address,187.250.62.1,100,650,TRUE,2/13/2021 15:14,R_33fgZaW1Jz50SQv,,,,,32.40409851,-116.8198013,anonymous,EN,Yes,21,Female,Junior,,"	Spanish (Latin America)",16,Hispanic/Latino,,United States of America,,Mexico,Mexico,Unemployed,"$50,000-$100,000",Strongly disagree,Neither disagree nor agree,Strongly disagree,Disagree,Strongly disagree,Disagree,Neither disagree nor agree,Strongly disagree,Strongly disagree,Strongly disagree,Somewhat agree,Neither agree nor disagree,Strongly disagree,Strongly disagree,Strongly disagree,Neither agree nor disagree,Strongly disagree,Strongly disagree,Strongly disagree,Yes,The person said he/she was envious of you.,,No,,Other,talked about it,3,Strongly dislike,Strongly Dislike,Dislike,Strongly Dislike,Strongly Dislike,7,7,7,5,7,7,7,7,2,2,4,7,33,
2/13/2021 15:16,2/13/2021 15:26,IP Address,70.95.170.3,100,640,TRUE,2/13/2021 15:26,R_1dt58DSUIqaMBUX,,,,,32.85949707,-117.2124023,anonymous,EN,Yes,20,Female,Junior,,"100%		English (US)",,Hispanic/Latino,,United States of America,,Guatemala,Guatemala,Unemployed,"$25,000-$50,000",Strongly disagree,Somewhat agree,Strongly disagree,Somewhat agree,Disagree,Somewhat agree,Neither disagree nor agree,Strongly disagree,Somewhat disagree,Disagree,Disagree,Disagree,Strongly disagree,Strongly disagree,Strongly disagree,Disagree,Somewhat disagree,Disagree,Somewhat disagree,No,,,,,,,,,Dislike,Somewhat dislike,Dislike,Neither like nor dislike,4,5,1,1,5,6,4,3,2,1,3,6,33,
2/13/2021 15:42,2/13/2021 15:54,IP Address,128.54.165.66,100,665,TRUE,2/13/2021 15:54,R_31aDbeTxcHBmYtC,,,,,32.85150146,-117.2798004,anonymous,EN,Yes,18,Female,Freshman,,"100%		English (US)",,Caucasian,,United States of America,,United States of America,United States of America,Unemployed,"$50,000-$100,000",Disagree,Somewhat disagree,Strongly disagree,Disagree,Strongly disagree,Disagree,Disagree,Strongly disagree,Somewhat disagree,Strongly disagree,Neither agree nor disagree,Neither agree nor disagree,Strongly disagree,Somewhat disagree,Strongly disagree,Somewhat agree,Somewhat agree,Disagree,Strongly disagree,Yes,Other,,No,,I distanced myself from the person,,5,Somewhat dislike,Neither like nor dislike,Neither like nor dislike,Neither like nor dislike,Dislike,7,7,2,1,7,7,5,2,1,1,2,4,33,
2/13/2021 15:21,2/13/2021 15:56,IP Address,162.192.140.20,100,2065,TRUE,2/13/2021 15:56,R_1P7Y2yM0juyVXcZ,,,,,34.28269958,-118.8874969,anonymous,EN,Yes,20,Female,Senior,,"100%		English (US)",,Other,Middle Eastern,United States of America,,Afghanistan,Afghanistan,Unemployed,"$50,000-$100,000",Disagree,Disagree,Strongly disagree,Strongly disagree,Disagree,Somewhat disagree,Disagree,Strongly disagree,Somewhat agree,Disagree,Somewhat agree,Disagree,Strongly disagree,Disagree,Strongly disagree,Somewhat disagree,Disagree,Somewhat disagree,Strongly disagree,Yes,The person behaved coldly towards you.,,"Yes,the other person thought you did not deserve your success.",,I was nice to the person.,,6,Strongly dislike,Strongly Dislike,Somewhat dislike,Somewhat dislike,Neither like nor dislike,1,1,1,1,1,1,1,1,1,1,0,1,33,
2/13/2021 16:19,2/13/2021 16:24,IP Address,66.75.254.7,100,295,TRUE,2/13/2021 16:24,R_2e3T2C2OSmuYip8,,,,,32.85949707,-117.2124023,anonymous,EN,Yes,20,Male,Junior,,"100%		English (US)",,Caucasian,,United States of America,,United States of America,United States of America,Employed part time,"$50,000-$100,000",Agree,Strongly agree,Agree,Strongly agree,Agree,Strongly agree,Strongly agree,Agree,Somewhat agree,Strongly agree,Agree,Agree,Agree,Agree,Strongly agree,Agree,Somewhat agree,Somewhat agree,Agree,Yes,The person behaved coldly towards you.,,"Yes,the other person thought you did not deserve your success.",,I downplayed my success.,,3,Neither like nor dislike,Like,Somewhat like,Like,Neither like nor dislike,4,6,4,4,3,4,3,4,3,4,1,5,33,
2/13/2021 16:10,2/13/2021 16:29,IP Address,174.67.212.23,100,1139,TRUE,2/13/2021 16:29,R_3J4Tgu4uGg2pLKI,,,,,33.73719788,-117.8231964,anonymous,EN,Yes,21,Male,Senior,,"100%		English (US)",,Hispanic/Latino,,United States of America,,Mexico,Mexico,Unemployed,"Less than $25,000",Disagree,Strongly disgaree,Strongly disagree,Strongly disagree,Strongly disagree,Strongly disagaree,Strongly disagree,Strongly disagree,Somewhat agree,Strongly disagree,Agree,Disagree,Somewhat disagree,Strongly disagree,Strongly disagree,Disagree,Disagree,Agree,Somewhat disagree,Yes,The person behaved in a hostile way towards you.,,"Yes,the other person thought you did something unfair or improper.",,I distanced myself from the person,,4,Strongly dislike,Dislike,Strongly Dislike,Strongly Dislike,Dislike,2,1,4,3,3,2,3,3,3,2,6,5,33,
2/13/2021 16:32,2/13/2021 16:41,IP Address,128.54.172.103,100,519,TRUE,2/13/2021 16:41,R_WuOwe27MTDcCprj,,,,,32.85150146,-117.2798004,anonymous,EN,Yes,19,Female,Sophomore,,"	Spanish",16,Hispanic/Latino,,United States of America,,Mexico,Mexico,Employed part time,"$50,000-$100,000",Neither disagree nor agree,Somewhat disagree,Neither disagree nor agree,Strongly agree,Somewhat disagree,Neither disagree nor agree,Strongly agree,Somewhat agree,Agree,Strongly agree,Somewhat agree,Somewhat agree,Somewhat agree,Somewhat agree,Strongly disagree,Agree,Agree,Somewhat agree,Somewhat disagree,Yes,The person behaved coldly towards you.,,"Yes,the other person thought you did not deserve your success.",,I distanced myself from the person,,4,like,Somewhat like,Somewhat like,Somewhat dislike,Neither like nor dislike,7,4,5,4,7,5,4,3,5,2,2,1,33,
2/13/2021 17:04,2/13/2021 17:13,IP Address,72.207.71.14,100,551,TRUE,2/13/2021 17:13,R_2WxmNSLs84xjCZY,,,,,32.60650635,-117.0579987,anonymous,EN,Yes,21,Female,Senior,,"100%		English (US)",,Caucasian,,United States of America,,United States of America,United States of America,Unemployed,"Less than $25,000",Agree,Agree,Agree,Agree,Agree,Strongly agree,Somewhat agree,Somewhat agree,Agree,Strongly disagree,Agree,Somewhat agree,Strongly disagree,Strongly disagree,Strongly disagree,Agree,Strongly disagree,Somewhat agree,Disagree,No,,,,,,,,,Strongly Dislike,Dislike,Strongly Dislike,Strongly Dislike,7,5,6,5,7,5,7,5,5,5,4,4,33,nope
2/13/2021 17:06,2/13/2021 17:16,IP Address,76.167.85.2,100,609,TRUE,2/13/2021 17:17,R_211lukoDAzsqriS,,,,,34.00300598,-118.4297943,anonymous,EN,Yes,21,Female,Junior,,"	Japanese",16,Asian or Pacific Islander,,Japan,17,Japan,Japan,Unemployed,"$100,000-$200,000",Somewhat disagree,Somewhat agree,Strongly disagree,Disagree,Disagree,Somewhat agree,Strongly disagree,Strongly disagree,Somewhat disagree,Strongly disagree,Somewhat agree,Somewhat disagree,Strongly disagree,Strongly disagree,Strongly disagree,Somewhat disagree,Disagree,Neither agree nor disagree,Strongly disagree,Yes,The person said he/she was envious of you.,,No,,I was nice to the person.,,7,Somewhat dislike,Dislike,Somewhat dislike,Dislike,Neither like nor dislike,4,3,3,2,4,3,1,1,2,2,3,5,33,
2/13/2021 17:13,2/13/2021 17:28,IP Address,66.75.243.130,100,852,TRUE,2/13/2021 17:28,R_Qh7nUiqmwnv4k4V,,,,,32.85949707,-117.2124023,anonymous,EN,Yes,19,Female,Sophomore,,"	English (UK)",,Other,,United States of America,,United States of America,United States of America,Unemployed,"$100,000-$200,000",Disagree,Somewhat disagree,Disagree,Somewhat agree,Disagree,Disagree,Neither disagree nor agree,Disagree,Neither agree nor disagree,Disagree,Neither agree nor disagree,Somewhat agree,Disagree,Disagree,Strongly disagree,Disagree,Disagree,Somewhat disagree,Disagree,Yes,The person said he/she was envious of you.,,No,,I was nice to the person.,,7,Strongly dislike,Dislike,Somewhat dislike,Dislike,Somewhat dislike,1,2,1,6,1,1,1,2,1,5,5,6,33,
2/13/2021 17:01,2/13/2021 17:28,IP Address,73.71.101.8,100,1630,TRUE,2/13/2021 17:28,R_239yr6TM0SEdnDp,,,,,36.5802002,-121.8442993,anonymous,EN,Yes,20,Male,Junior,,"	Arabic",15,Caucasian,,United States of America,,Lebanon,Lebanon,Employed part time,I prefer not to say,Somewhat agree,Somewhat agree,Somewhat agree,Somewhat agree,Neither disagree nor agree,Neither disagree nor agree,Somewhat agree,Disagree,Agree,Strongly disagree,Agree,Agree,Strongly disagree,Strongly disagree,Strongly disagree,Agree,Disagree,Agree,Disagree,Yes,The person behaved in a hostile way towards you.,,"Yes,the other person thought you did something unfair or improper.",,I ignored it.,,1,Strongly like,Neither like nor dislike,Neither like nor dislike,Somewhat like,Like,2,2,3,6,7,7,1,1,1,1,0,0,33,
2/13/2021 17:43,2/13/2021 17:50,IP Address,68.252.125.245,100,428,TRUE,2/13/2021 17:50,R_1hBfPZ3kqOAjbsh,,,,,32.85949707,-117.2124023,anonymous,EN,Yes,20,Female,Junior,,"	Chinese (Simplified)",13,Asian or Pacific Islander,,China,13,China,China,Unemployed,"$25,000-$50,000",Agree,Agree,Agree,Strongly agree,Somewhat agree,Somewhat agree,Somewhat agree,Neither disagree nor agree,Agree,Neither agree nor disagree,Strongly agree,Agree,Somewhat disagree,Somewhat disagree,Strongly disagree,Agree,Somewhat disagree,Somewhat agree,Somewhat agree,No,,,,,,,,,Somewhat like,Somewhat dislike,Somewhat dislike,Dislike,2,4,1,1,3,2,6,4,1,1,1,3,33,
2/13/2021 18:26,2/13/2021 18:33,IP Address,172.116.208.105,100,395,TRUE,2/13/2021 18:33,R_3IRBT1BycNWYb4N,,,,,33.6598053,-117.3484955,anonymous,EN,Yes,25,Female,Junior,,"100%		English (US)",,Caucasian,,United States of America,,Turkey,United States of America,Employed part time,"Less than $25,000",Disagree,Disagree,Disagree,Somewhat agree,Somewhat disagree,Somewhat disagree,Somewhat agree,Somewhat disagree,Somewhat agree,Somewhat disagree,Somewhat agree,Neither agree nor disagree,Strongly disagree,Strongly disagree,Strongly agree,Agree,Somewhat disagree,Somewhat agree,Disagree,Yes,The person behaved coldly towards you.,,"Yes,the other person thought you did not deserve your success.",,I distanced myself from the person,,7,Dislike,Somewhat dislike,Somewhat like,Somewhat dislike,Somewhat dislike,6,3,7,5,5,3,4,3,4,2,4,4,33,
2/13/2021 18:58,2/13/2021 19:04,IP Address,68.252.126.233,100,364,TRUE,2/13/2021 19:04,R_pxGBV5jwO8kttO9,,,,,32.85949707,-117.2124023,anonymous,EN,Yes,20,Female,Junior,,"100%		English (US)",,Caucasian,,United States of America,,United States of America,United States of America,Employed part time,"More than $200,000",Strongly disagree,Strongly disgaree,Strongly disagree,Disagree,Strongly disagree,Strongly disagaree,Strongly disagree,Strongly disagree,Strongly disagree,Somewhat disagree,Somewhat agree,Somewhat agree,Strongly disagree,Strongly disagree,Strongly disagree,Somewhat agree,Disagree,Disagree,Disagree,No,,,,,,,,,Somewhat dislike,Dislike,Somewhat like,Neither like nor dislike,5,6,4,5,5,5,1,1,2,3,1,3,33,no
2/13/2021 19:18,2/13/2021 19:31,IP Address,75.83.60.44,100,759,TRUE,2/13/2021 19:31,R_2WCKcIyDINh3GLn,,,,,34.10490417,-117.8132019,anonymous,EN,Yes,20,Male,Sophomore,,"100%		English (US)",,Caucasian,,United States of America,,United States of America,Egypt,Unemployed,I prefer not to say,Somewhat agree,Disagree,Disagree,Somewhat agree,Neither disagree nor agree,Somewhat disagree,Strongly disagree,Disagree,Agree,Disagree,Agree,Strongly agree,Neither agree nor disagree,Neither agree nor disagree,Strongly disagree,Agree,Somewhat disagree,Somewhat agree,Somewhat disagree,Yes,The person said he/she was envious of you.,,No,,I was nice to the person.,,7,Somewhat like,Like,Somewhat like,Somewhat like,Somewhat like,3,3,1,1,4,4,1,1,1,1,3,5,33,no
2/13/2021 18:55,2/13/2021 20:02,IP Address,107.131.50.107,100,3988,TRUE,2/13/2021 20:02,R_24ctQvhrOS5ZXx0,,,,,34.06480408,-118.0859985,anonymous,EN,Yes,18,Female,Freshman,,"100%		English (US)",,Asian or Pacific Islander,,United States of America,,Viet Nam,Viet Nam,Unemployed,"$25,000-$50,000",Strongly disagree,Disagree,Strongly disagree,Disagree,Strongly disagree,Somewhat disagree,Disagree,Strongly disagree,Somewhat agree,Disagree,Somewhat agree,Disagree,Strongly disagree,Disagree,Strongly disagree,Disagree,Somewhat disagree,Neither agree nor disagree,Disagree,No,,,,,,,,,Dislike,Strongly Dislike,Dislike,Somewhat dislike,7,6,6,5,7,6,6,5,4,5,1,1,33,
2/13/2021 20:09,2/13/2021 20:19,IP Address,75.80.48.196,100,607,TRUE,2/13/2021 20:19,R_yrT9pmvfByFqobD,,,,,32.85949707,-117.2124023,anonymous,EN,Yes,20,Female,Junior,,"100%		English (US)",,Other,mixed,United States of America,,United States of America,India,Employed part time,"More than $200,000",Strongly disagree,Disagree,Strongly disagree,Somewhat disagree,Strongly disagree,Neither disagree nor agree,Strongly disagree,Strongly disagree,Disagree,Strongly disagree,Agree,Somewhat agree,Disagree,Strongly disagree,Strongly disagree,Somewhat agree,Somewhat disagree,Somewhat agree,Disagree,Yes,The person behaved coldly towards you.,,"Yes, the other person thought you have advantages because of lucky.",,I downplayed my success.,,6,Strongly dislike,Strongly Dislike,Dislike,Somewhat dislike,Somewhat dislike,1,3,5,7,5,4,1,3,5,5,1,4,33,"Some of the grammar was wrong, it sounds like whoever wrote some questions doesn't speak English very well. Just bringing it up as it can come off as seeming uneducated to someone that doesn't know"
2/13/2021 20:30,2/13/2021 20:39,IP Address,211.250.13.117,100,511,TRUE,2/13/2021 20:39,R_3GCzAuNPEeBcYl5,,,,,37.59849548,126.978302,anonymous,EN,Yes,19,Female,Freshman,,"100%		English (US)",,Asian or Pacific Islander,,United States of America,,South Korea,South Korea,Not Applicable/Other,"$50,000-$100,000",Somewhat agree,Somewhat disagree,Disagree,Agree,Neither disagree nor agree,Somewhat agree,Somewhat agree,Disagree,Somewhat agree,Disagree,Somewhat agree,Somewhat agree,Disagree,Neither agree nor disagree,Strongly disagree,Somewhat agree,Somewhat agree,Somewhat agree,Neither agree nor disagree,Yes,The person behaved in a hostile way towards you.,,No,,I ignored it.,,6,Somewhat dislike,Dislike,Somewhat like,Somewhat like,Somewhat dislike,6,4,5,2,5,7,6,4,4,2,6,3,33,
2/13/2021 20:40,2/13/2021 20:48,IP Address,76.90.211.34,100,489,TRUE,2/13/2021 20:48,R_vJHmX69A7woBEIh,,,,,34.20010376,-118.4456024,anonymous,EN,Yes,20,Female,Sophomore,,"	Spanish",14,Hispanic/Latino,,United States of America,,El Salvador,Mexico,Employed part time,"Less than $25,000",Strongly disagree,Strongly disgaree,Strongly disagree,Strongly disagree,Strongly disagree,Strongly disagaree,Strongly disagree,Strongly disagree,Strongly disagree,Strongly disagree,Strongly disagree,Strongly disagree,Strongly disagree,Strongly disagree,Strongly disagree,Neither agree nor disagree,Strongly disagree,Strongly disagree,Strongly disagree,No,,,,,,,,,Dislike,Dislike,Dislike,Dislike,6,2,5,2,5,2,6,6,4,1,2,1,33,
2/13/2021 20:40,2/13/2021 20:57,IP Address,172.56.31.234,100,1036,TRUE,2/13/2021 20:57,R_3ITbAmkCeY7PaUP,,,,,34.20010376,-118.4456024,anonymous,EN,Yes,25,Female,Senior,,"	Spanish (Latin America)",20,Hispanic/Latino,,United States of America,,Mexico,Mexico,Employed part time,"Less than $25,000",Somewhat disagree,Disagree,Disagree,Somewhat agree,Somewhat disagree,Somewhat disagree,Disagree,Disagree,Somewhat agree,Neither agree nor disagree,Somewhat agree,Agree,Somewhat disagree,Disagree,Strongly disagree,Somewhat disagree,Somewhat agree,Somewhat disagree,Somewhat disagree,No,,,,,,,,,Neither like nor dislike,Strongly Dislike,Dislike,Somewhat dislike,3,1,2,1,2,1,5,2,1,1,0,0,33,No comments! Curious about the study!
2/13/2021 21:33,2/13/2021 21:36,IP Address,68.252.125.221,100,190,TRUE,2/13/2021 21:36,R_2Vr8ovo20nVQzeC,,,,,32.85949707,-117.2124023,anonymous,EN,Yes,20,Female,Junior,,"	Chinese (Simplified)",15,Asian or Pacific Islander,,United States of America,,China,China,Self-employed,"$100,000-$200,000",Disagree,Disagree,Somewhat disagree,Somewhat disagree,Somewhat disagree,Disagree,Neither disagree nor agree,Disagree,Strongly agree,Somewhat disagree,Somewhat agree,Somewhat disagree,Somewhat disagree,Somewhat agree,Strongly disagree,Somewhat agree,Disagree,Somewhat agree,Somewhat disagree,Yes,The person said he/she was envious of you.,,"Yes, the other person thought you have advantages because of lucky.",,I ignored it.,,6,Neither like nor dislike,Strongly Dislike,Somewhat dislike,Somewhat like,Somewhat like,3,5,3,5,4,4,3,4,4,6,1,4,33,
2/13/2021 21:28,2/13/2021 21:46,IP Address,128.54.166.218,100,1092,TRUE,2/13/2021 21:46,R_u2qkUiRwHZFLiJb,,,,,32.85150146,-117.2798004,anonymous,EN,Yes,20,Female,Freshman,,"	Polish",3,Caucasian,,Poland,1,Poland,Poland,Unemployed,"More than $200,000",Strongly disagree,Disagree,Strongly disagree,Somewhat agree,Strongly disagree,Disagree,Somewhat agree,Disagree,Agree,Somewhat disagree,Agree,Somewhat agree,Somewhat agree,Somewhat disagree,Strongly disagree,Agree,Somewhat agree,Somewhat agree,Somewhat disagree,Yes,The person behaved coldly towards you.,,"Yes,the other person thought you did not deserve your success.",,I distanced myself from the person,,3,Somewhat dislike,Dislike,Dislike,Like,Like,1,1,1,1,1,1,2,1,6,5,0,5,33,none
2/13/2021 21:51,2/13/2021 22:05,IP Address,24.43.123.79,100,821,TRUE,2/13/2021 22:05,R_2wLZjvoiGfK1mmQ,,,,,32.84249878,-117.2483978,anonymous,EN,Yes,20,Female,Junior,,"100%		English (US)",,Other,mexican and african american,United States of America,,United States of America,United States of America,Employed part time,"$50,000-$100,000",Somewhat agree,Neither disagree nor agree,Somewhat agree,Agree,Somewhat agree,Neither disagree nor agree,Disagree,Strongly disagree,Neither agree nor disagree,Strongly disagree,Somewhat agree,Somewhat agree,Strongly disagree,Somewhat disagree,Strongly disagree,Neither agree nor disagree,Neither agree nor disagree,Somewhat agree,Strongly disagree,Yes,Other,,No,,I distanced myself from the person,,1,Somewhat dislike,Somewhat dislike,Neither like nor dislike,Neither like nor dislike,Neither like nor dislike,5,2,7,7,7,4,1,1,1,1,4,7,33,this was very entertaining i loved the scenarios given
2/13/2021 22:50,2/13/2021 23:06,IP Address,73.189.200.110,100,967,TRUE,2/13/2021 23:06,R_27kUJgEA3R3HwgF,,,,,38.03889465,-122.5870972,anonymous,EN,Yes,20,Female,Sophomore,,"100%		English (US)",,Caucasian,,United States of America,,United States of America,Germany,Employed part time,"$100,000-$200,000",Disagree,Somewhat agree,Disagree,Somewhat disagree,Strongly disagree,Somewhat agree,Disagree,Strongly disagree,Somewhat agree,Somewhat agree,Neither agree nor disagree,Somewhat agree,Disagree,Disagree,Strongly disagree,Somewhat agree,Disagree,Somewhat agree,Disagree,Yes,The person behaved coldly towards you.,,"Yes,the other person thought you did not deserve your success.",,I was nice to the person.,,1,Somewhat dislike,Dislike,Dislike,Somewhat like,Strongly Dislike,7,6,7,5,7,5,6,4,5,1,4,6,33,
2/13/2021 23:20,2/13/2021 23:29,IP Address,47.158.114.63,100,526,TRUE,2/13/2021 23:29,R_1Cd8BUHRSWN6CeM,,,,,33.7539978,-116.2664032,anonymous,EN,Yes,19,Female,Freshman,,"100%		English (US)",,Caucasian,,United States of America,,Canada,United States of America,Employed part time,"$50,000-$100,000",Neither disagree nor agree,Somewhat agree,Disagree,Agree,Somewhat disagree,Agree,Neither disagree nor agree,Disagree,Disagree,Neither agree nor disagree,Neither agree nor disagree,Neither agree nor disagree,Somewhat disagree,Neither agree nor disagree,Strongly disagree,Somewhat agree,Disagree,Disagree,Somewhat disagree,Yes,The person behaved in a hostile way towards you.,,No,,I ignored it.,,6,Neither like nor dislike,Neither like nor dislike,Dislike,Somewhat dislike,Neither like nor dislike,7,7,6,2,7,7,4,2,2,4,4,6,33,
2/13/2021 23:15,2/13/2021 23:34,IP Address,128.54.198.4,100,1147,TRUE,2/13/2021 23:34,R_0UK9xXCYPxohLtn,,,,,32.85150146,-117.2798004,anonymous,EN,Yes,20,Female,Junior,,"	Spanish (Latin America)",15,Hispanic/Latino,,United States of America,,Guatemala,Mexico,Unemployed,"Less than $25,000",Strongly disagree,Somewhat agree,Strongly disagree,Strongly disagree,Strongly disagree,Somewhat agree,Strongly disagree,Strongly disagree,Disagree,Strongly disagree,Neither agree nor disagree,Somewhat disagree,Strongly disagree,Strongly disagree,Strongly disagree,Disagree,Strongly disagree,Somewhat disagree,Strongly disagree,Yes,The person said he/she was envious of you.,,"Yes, the other person thought you have advantages because of lucky.",,I was nice to the person.,,7,Strongly dislike,Dislike,Strongly Dislike,Somewhat dislike,Strongly Dislike,7,7,7,7,7,7,7,5,7,5,2,1,33,
2/13/2021 23:43,2/13/2021 23:49,IP Address,108.51.31.131,100,356,TRUE,2/13/2021 23:49,R_1gwEWj5A21WIoJf,,,,,38.98930359,-77.15859985,anonymous,EN,Yes,20,Female,Sophomore,,"100%		English (US)",,Asian or Pacific Islander,,China,20,China,China,Unemployed,I prefer not to say,Somewhat disagree,Somewhat disagree,Somewhat disagree,Somewhat disagree,Somewhat disagree,Somewhat agree,Somewhat disagree,Disagree,Somewhat disagree,Disagree,Somewhat agree,Disagree,Strongly disagree,Disagree,Disagree,Somewhat disagree,Somewhat disagree,Somewhat disagree,Somewhat disagree,No,,,,,,,,,Dislike,Dislike,Dislike,Dislike,2,4,2,3,2,4,4,3,3,2,1,2,33,
2/14/2021 0:46,2/14/2021 0:56,IP Address,24.180.56.219,100,620,TRUE,2/14/2021 0:56,R_3smImluPiVqdj9F,,,,,33.938797,-117.4160004,anonymous,EN,Yes,19,Male,Sophomore,,"100%		English (US)",,Asian or Pacific Islander,,United States of America,,Philippines,Philippines,Unemployed,I prefer not to say,Neither disagree nor agree,Somewhat agree,Disagree,Somewhat agree,Disagree,Somewhat agree,Neither disagree nor agree,Disagree,Somewhat agree,Neither agree nor disagree,Agree,Neither agree nor disagree,Disagree,Neither agree nor disagree,Strongly agree,Somewhat agree,Agree,Somewhat agree,Neither agree nor disagree,Yes,The person said he/she was envious of you.,,"Yes, the other person thought you have advantages because of lucky.",,I downplayed my success.,,4,Dislike,Dislike,Dislike,Dislike,Strongly Dislike,5,5,2,2,5,5,1,4,1,2,1,3,33,
2/14/2021 0:52,2/14/2021 1:19,IP Address,75.80.103.25,100,1619,TRUE,2/14/2021 1:19,R_2t3ACJxlHBgjHY3,,,,,32.84249878,-117.2483978,anonymous,EN,Yes,21,Male,Junior,,"100%		English (US)",,Asian or Pacific Islander,,United States of America,,Viet Nam,Viet Nam,Employed part time,"More than $200,000",Somewhat disagree,Disagree,Disagree,Neither disagree nor agree,Strongly disagree,Somewhat disagree,Disagree,Disagree,Somewhat disagree,Disagree,Neither agree nor disagree,Neither agree nor disagree,Strongly disagree,Somewhat agree,Strongly disagree,Somewhat agree,Somewhat agree,Neither agree nor disagree,Neither agree nor disagree,Yes,The person behaved coldly towards you.,,"Yes,the other person thought you did not deserve your success.",,I ignored it.,,1,Neither like nor dislike,Somewhat dislike,Somewhat like,Neither like nor dislike,Neither like nor dislike,2,3,1,1,3,4,4,4,1,2,1,5,33,
2/13/2021 23:58,2/14/2021 1:24,IP Address,183.192.44.38,100,5188,TRUE,2/14/2021 1:24,R_1ova7GfgdXUPMcq,,,,,31.05490112,121.3493042,anonymous,EN,Yes,19,Female,Freshman,,"	Chinese (Simplified)",3,Asian or Pacific Islander,,China,0,China,China,Employed part time,"$50,000-$100,000",Disagree,Strongly disgaree,Disagree,Somewhat agree,Disagree,Somewhat disagree,Somewhat agree,Somewhat disagree,Strongly agree,Disagree,Somewhat agree,Somewhat agree,Somewhat disagree,Disagree,Strongly disagree,Somewhat agree,Somewhat agree,Agree,Somewhat disagree,Yes,The person behaved in a hostile way towards you.,,"Yes, the other person thought you have advantages because of lucky.",,I ignored it.,,2,like,Neither like nor dislike,Like,Like,Somewhat dislike,6,6,5,6,2,2,1,1,1,1,2,4,33,Thanks
2/14/2021 1:12,2/14/2021 1:31,IP Address,37.231.245.158,100,1142,TRUE,2/14/2021 1:31,R_3peQVdSlZ3HOIxh,,,,,29.36450195,47.98890686,anonymous,EN,Yes,18,Male,Freshman,,"	Arabic",15,Other,Gulf Arab,Kuwait,0,Kuwait,Kuwait,Unemployed,"$100,000-$200,000",Disagree,Disagree,Disagree,Strongly disagree,Disagree,Disagree,Neither disagree nor agree,Disagree,Agree,Neither agree nor disagree,Strongly agree,Disagree,Disagree,Neither agree nor disagree,Strongly agree,Agree,Agree,Agree,Disagree,Yes,The person behaved coldly towards you.,,"Yes, the other person thought you have advantages because of lucky.",,I distanced myself from the person,,1,Neither like nor dislike,Strongly Dislike,Dislike,Dislike,Dislike,3,6,1,1,3,6,1,1,1,1,1,1,33,I laughed so much on the doctor parts lol loved it
2/14/2021 5:06,2/14/2021 5:29,IP Address,38.94.109.207,100,1379,TRUE,2/14/2021 5:29,R_3Jq2QZTDYeHYUqV,,,,,47.61439514,-122.344696,anonymous,EN,Yes,18,Female,Freshman,,"	Chinese (Simplified)",5,Asian or Pacific Islander,,China,5,China,China,Employed part time,I prefer not to say,Disagree,Disagree,Disagree,Disagree,Disagree,Disagree,Disagree,Disagree,Somewhat agree,Disagree,Agree,Agree,Disagree,Somewhat disagree,Strongly disagree,Somewhat agree,Somewhat disagree,Somewhat agree,Somewhat disagree,Yes,Other,,"Yes,the other person thought you did not deserve your success.",,I was nice to the person.,,2,Neither like nor dislike,Strongly Dislike,Dislike,Strongly Dislike,Dislike,1,5,2,6,1,5,5,2,2,2,1,5,33,
2/14/2021 6:44,2/14/2021 6:55,IP Address,139.162.66.18,100,654,TRUE,2/14/2021 6:55,R_2zeYcszmQxa9Crf,,,,,35.68649292,139.7457886,anonymous,EN,Yes,21,Female,Junior,,"	Chinese (Simplified)",4,Asian or Pacific Islander,,China,3,China,China,Unemployed,I prefer not to say,Somewhat disagree,Somewhat agree,Disagree,Agree,Somewhat disagree,Agree,Agree,Somewhat agree,Strongly agree,Disagree,Strongly agree,Strongly agree,Somewhat disagree,Neither agree nor disagree,Strongly disagree,Agree,Somewhat agree,Strongly agree,Somewhat agree,Yes,The person behaved in a hostile way towards you.,,No,,I downplayed my success.,,2,Strongly like,Somewhat dislike,Strongly like,Strongly like,Dislike,7,7,7,7,7,7,4,3,1,1,0,0,33,
2/14/2021 10:19,2/14/2021 10:29,IP Address,128.54.193.238,100,626,TRUE,2/14/2021 10:29,R_1dtutOlRrPl2DMt,,,,,32.85150146,-117.2798004,anonymous,EN,Yes,18,Female,Freshman,,"100%		English (US)",,Asian or Pacific Islander,,United States of America,,Pakistan,Pakistan,Employed part time,"$100,000-$200,000",Somewhat agree,Neither disagree nor agree,Somewhat agree,Agree,Somewhat disagree,Neither disagree nor agree,Agree,Neither disagree nor agree,Agree,Disagree,Agree,Somewhat disagree,Disagree,Somewhat disagree,Strongly agree,Somewhat agree,Neither agree nor disagree,Somewhat agree,Neither agree nor disagree,Yes,The person behaved in a hostile way towards you.,,"Yes, the other person thought you have advantages because of lucky.",,I distanced myself from the person,,6,Strongly dislike,Somewhat dislike,Like,Strongly Dislike,Like,7,3,4,4,7,4,7,5,7,4,3,6,33,
2/14/2021 10:32,2/14/2021 10:42,IP Address,108.253.37.118,100,621,TRUE,2/14/2021 10:42,R_3CNlSRwqcGkSn9z,,,,,37.64030457,-122.0666962,anonymous,EN,Yes,21,Female,Junior,,"	Vietnamese",16,Asian or Pacific Islander,,United States of America,,Viet Nam,Viet Nam,Unemployed,"$25,000-$50,000",Strongly disagree,Strongly disgaree,Strongly disagree,Strongly disagree,Strongly disagree,Disagree,Strongly disagree,Strongly disagree,Strongly disagree,Strongly disagree,Strongly disagree,Strongly disagree,Strongly disagree,Strongly disagree,Strongly disagree,Strongly disagree,Agree,Disagree,Strongly disagree,Yes,The person behaved coldly towards you.,,No,,I was nice to the person.,,5,Dislike,Dislike,Dislike,Dislike,Dislike,4,4,1,1,2,2,1,1,1,1,1,1,33,
2/14/2021 11:58,2/14/2021 12:04,IP Address,75.80.48.107,100,378,TRUE,2/14/2021 12:04,R_1q7GusoPAhNAsnn,,,,,32.85949707,-117.2124023,anonymous,EN,Yes,20,Female,Junior,,"100%		English (US)",,Other,,United States of America,,China,United States of America,Employed part time,I prefer not to say,Somewhat disagree,Somewhat disagree,Disagree,Disagree,Disagree,Somewhat agree,Disagree,Somewhat disagree,Neither agree nor disagree,Somewhat disagree,Agree,Neither agree nor disagree,Somewhat disagree,Neither agree nor disagree,Strongly disagree,Agree,Neither agree nor disagree,Agree,Somewhat disagree,Yes,The person behaved in a hostile way towards you.,,"Yes,the other person thought you did not deserve your success.",,I was nice to the person.,,3,Dislike,Dislike,Dislike,Dislike,Somewhat dislike,3,2,2,1,4,1,2,2,2,2,4,5,33,I'm not sure if it was deception or not when the study said it was about envy. The survey was short enough not to bore. Thank you!
2/14/2021 12:46,2/14/2021 12:54,IP Address,128.54.193.6,100,520,TRUE,2/14/2021 12:54,R_1GvLIOGB5S6ogMH,,,,,32.85150146,-117.2798004,anonymous,EN,Yes,18,Female,Freshman,,"100%		English (US)",,Caucasian,,United States of America,,United States of America,United States of America,Employed part time,"More than $200,000",Somewhat agree,Agree,Neither disagree nor agree,Agree,Somewhat disagree,Agree,Agree,Somewhat disagree,Agree,Somewhat disagree,Agree,Agree,Strongly disagree,Disagree,Strongly disagree,Disagree,Disagree,Somewhat agree,Disagree,No,,,,,,,,,Somewhat dislike,Somewhat like,Somewhat dislike,Somewhat dislike,6,6,6,6,7,7,5,4,2,5,2,6,33,
2/14/2021 12:50,2/14/2021 12:59,IP Address,128.54.167.213,100,582,TRUE,2/14/2021 12:59,R_3IcMEJOIESAoxpL,,,,,32.85150146,-117.2798004,anonymous,EN,Yes,21,Female,Junior,,"100%		English (US)",,Asian or Pacific Islander,,United States of America,,United States of America,United States of America,Employed part time,"$100,000-$200,000",Somewhat agree,Disagree,Somewhat agree,Somewhat agree,Somewhat agree,Somewhat agree,Somewhat disagree,Disagree,Agree,Somewhat disagree,Somewhat agree,Somewhat agree,Somewhat agree,Somewhat disagree,Strongly disagree,Disagree,Somewhat agree,Somewhat disagree,Disagree,Yes,The person behaved coldly towards you.,,Other,,I downplayed my success.,,6,Somewhat like,Dislike,Strongly like,Like,Dislike,6,5,4,4,6,6,5,6,6,5,5,7,33,
2/14/2021 12:54,2/14/2021 13:02,IP Address,75.80.105.189,100,511,TRUE,2/14/2021 13:02,R_31pmInF76ljKTgh,,,,,32.84249878,-117.2483978,anonymous,EN,Yes,20,Female,Junior,,"	Spanish (Latin America)",11,Hispanic/Latino,,United States of America,,Mexico,Mexico,Unemployed,"$25,000-$50,000",Agree,Agree,Somewhat agree,Agree,Somewhat agree,Agree,Agree,Disagree,Somewhat disagree,Agree,Somewhat agree,Somewhat agree,Agree,Somewhat agree,Strongly disagree,Somewhat agree,Somewhat disagree,Somewhat agree,Agree,No,,,,,,,,,Strongly like,Like,Like,Somewhat dislike,2,5,4,4,5,5,3,1,4,6,1,1,33,No
2/14/2021 12:54,2/14/2021 13:07,IP Address,104.173.64.188,100,767,TRUE,2/14/2021 13:07,R_2eWGr9Y88zFu6fb,,,,,34.60380554,-118.2294998,anonymous,EN,Yes,21,Female,Junior,,"	Vietnamese",18,Asian or Pacific Islander,,Viet Nam,20,Viet Nam,Viet Nam,Unemployed,"$25,000-$50,000",Somewhat disagree,Somewhat agree,Somewhat disagree,Somewhat disagree,Somewhat disagree,Agree,Somewhat agree,Disagree,Agree,Agree,Agree,Agree,Disagree,Somewhat agree,Strongly disagree,Agree,Somewhat agree,Somewhat agree,Somewhat agree,No,,,,,,,,,Strongly Dislike,Strongly Dislike,Strongly Dislike,Dislike,4,2,1,1,5,5,4,4,3,3,3,3,33,None.
2/14/2021 13:12,2/14/2021 13:23,IP Address,45.16.227.173,100,622,TRUE,2/14/2021 13:23,R_XAFm7kd8Bko1XCp,,,,,32.63870239,-117.080101,anonymous,EN,Yes,22,Male,Senior,,"	Spanish (Latin America)",15,Hispanic/Latino,,United States of America,,United States of America,Mexico,Unemployed,"Less than $25,000",Disagree,Strongly disgaree,Strongly disagree,Disagree,Disagree,Somewhat agree,Disagree,Strongly disagree,Somewhat agree,Strongly disagree,Agree,Disagree,Strongly disagree,Strongly disagree,Strongly disagree,Strongly agree,Strongly disagree,Somewhat agree,Strongly disagree,Yes,The person behaved in a hostile way towards you.,,No,,I distanced myself from the person,,5,Dislike,Strongly Dislike,Dislike,Somewhat dislike,Dislike,5,7,3,6,4,7,3,2,1,1,0,2,33,
2/14/2021 13:37,2/14/2021 13:46,IP Address,172.119.22.106,100,525,TRUE,2/14/2021 13:46,R_A7mqfpGwLrNNihz,,,,,33.66470337,-117.1743011,anonymous,EN,Yes,20,Female,Junior,,"100%		English (US)",,Caucasian,,United States of America,,United States of America,United States of America,Employed part time,"$50,000-$100,000",Somewhat agree,Somewhat agree,Neither disagree nor agree,Somewhat agree,Neither disagree nor agree,Agree,Somewhat disagree,Strongly disagree,Somewhat disagree,Strongly disagree,Somewhat agree,Somewhat disagree,Strongly disagree,Somewhat disagree,Strongly disagree,Somewhat agree,Strongly disagree,Somewhat agree,Disagree,No,,,,,,,,,Dislike,Somewhat dislike,Dislike,Strongly Dislike,6,5,7,7,6,5,3,5,2,3,6,6,33,
2/14/2021 13:42,2/14/2021 13:53,IP Address,75.80.144.31,100,625,TRUE,2/14/2021 13:53,R_1JQm1QxenJ4uEcu,,,,,32.82460022,-117.1970978,anonymous,EN,Yes,21,Female,Senior,,"100%		English (US)",,Hispanic/Latino,,United States of America,,United States of America,United States of America,Employed part time,"Less than $25,000",Somewhat agree,Somewhat disagree,Disagree,Agree,Disagree,Somewhat disagree,Disagree,Strongly disagree,Agree,Somewhat disagree,Somewhat agree,Neither agree nor disagree,Strongly disagree,Strongly disagree,Strongly disagree,Neither agree nor disagree,Disagree,Neither agree nor disagree,Strongly disagree,Yes,The person behaved coldly towards you.,,"Yes,the other person thought you did not deserve your success.",,I distanced myself from the person,,4,Somewhat dislike,Neither like nor dislike,Somewhat dislike,Somewhat like,Neither like nor dislike,6,2,1,1,6,2,2,2,1,1,1,5,33,
2/14/2021 13:52,2/14/2021 14:01,IP Address,128.54.186.132,100,546,TRUE,2/14/2021 14:01,R_3fJCOg4vKZ6UH1Y,,,,,32.85150146,-117.2798004,anonymous,EN,Yes,18,Male,Freshman,,"	English (UK)",,Asian or Pacific Islander,,United States of America,,China,China,Unemployed,I prefer not to say,Neither disagree nor agree,Somewhat disagree,Neither disagree nor agree,Somewhat disagree,Neither disagree nor agree,Somewhat agree,Disagree,Somewhat disagree,Agree,Disagree,Agree,Somewhat agree,Disagree,Somewhat disagree,Strongly disagree,Agree,Neither agree nor disagree,Neither agree nor disagree,Somewhat agree,Yes,The person behaved coldly towards you.,,"Yes, the other person thought you have advantages because of lucky.",,I downplayed my success.,,4,Somewhat dislike,Neither like nor dislike,Neither like nor dislike,Somewhat dislike,Neither like nor dislike,6,2,3,6,6,2,4,4,3,6,2,6,33,
2/14/2021 14:29,2/14/2021 14:45,IP Address,71.93.168.174,100,928,TRUE,2/14/2021 14:45,R_2CHy2xcQE5uEwwg,,,,,34.48019409,-117.4093018,anonymous,EN,Yes,21,Female,Senior,,"	Spanish (Latin America)",15,Hispanic/Latino,,United States of America,,Mexico,Mexico,Unemployed,"Less than $25,000",Disagree,Agree,Disagree,Somewhat disagree,Disagree,Agree,Neither disagree nor agree,Disagree,Agree,Neither agree nor disagree,Somewhat agree,Disagree,Disagree,Disagree,Strongly disagree,Neither agree nor disagree,Disagree,Somewhat disagree,Strongly disagree,Yes,The person said he/she was envious of you.,,No,,I ignored it.,,5,Strongly dislike,Somewhat dislike,Somewhat dislike,Somewhat dislike,Neither like nor dislike,7,7,7,7,7,7,7,6,6,7,7,7,33,
2/14/2021 14:58,2/14/2021 15:21,IP Address,174.195.195.61,100,1386,TRUE,2/14/2021 15:21,R_22PUDpkYyiPaZMw,,,,,33.94490051,-117.3834,anonymous,EN,Yes,19,Female,Freshman,,"100%		English (US)",,Asian or Pacific Islander,,United States of America,,India,India,Unemployed,"$25,000-$50,000",Agree,Somewhat agree,Agree,Strongly agree,Somewhat agree,Somewhat agree,Neither disagree nor agree,Strongly agree,Somewhat agree,Agree,Agree,Somewhat agree,Agree,Agree,Strongly disagree,Somewhat agree,Agree,Agree,Strongly agree,Yes,The person behaved in a hostile way towards you.,,"Yes, the other person thought you have advantages because of lucky.",,I distanced myself from the person,,1,Somewhat like,Somewhat like,Like,Strongly like,Like,4,3,6,6,4,3,3,2,2,2,3,3,33,
2/14/2021 15:18,2/14/2021 15:28,IP Address,24.5.237.211,100,602,TRUE,2/14/2021 15:28,R_1rMk2bAgaPe8aBM,,,,,37.68730164,-121.8956985,anonymous,EN,Yes,22,Female,Senior,,"100%		English (US)",,Asian or Pacific Islander,,United States of America,,India,India,Unemployed,I prefer not to say,Neither disagree nor agree,Somewhat agree,Somewhat disagree,Agree,Somewhat disagree,Agree,Neither disagree nor agree,Disagree,Neither agree nor disagree,Neither agree nor disagree,Somewhat agree,Somewhat agree,Strongly disagree,Strongly disagree,Strongly disagree,Somewhat agree,Disagree,Somewhat disagree,Strongly disagree,Yes,The person said he/she was envious of you.,,No,,Other,,7,Dislike,Strongly Dislike,Somewhat like,Somewhat like,Neither like nor dislike,5,4,4,4,4,4,4,1,1,1,3,6,33,n/a
2/14/2021 16:09,2/14/2021 16:16,IP Address,172.90.48.128,100,403,TRUE,2/14/2021 16:16,R_2TzMxtMKT0LvCKm,,,,,33.81599426,-117.9692001,anonymous,EN,Yes,22,Female,Senior,,"	Spanish",18,Hispanic/Latino,,United States of America,,Mexico,Mexico,Employed part time,"$25,000-$50,000",Disagree,Somewhat agree,Disagree,Somewhat agree,Disagree,Disagree,Disagree,Disagree,Somewhat agree,Somewhat agree,Somewhat agree,Somewhat agree,Disagree,Disagree,Strongly disagree,Disagree,Disagree,Somewhat disagree,Disagree,No,,,,,,,,,Strongly Dislike,Strongly Dislike,Dislike,Dislike,6,3,1,1,6,5,3,1,1,1,1,3,33,
2/14/2021 16:17,2/14/2021 16:25,IP Address,128.54.178.252,100,489,TRUE,2/14/2021 16:25,R_3iUQAdKlQ6ke8ne,,,,,32.85150146,-117.2798004,anonymous,EN,Yes,21,Male,Junior,,"100%		English (US)",,Asian or Pacific Islander,,United States of America,,Philippines,Philippines,Employed part time,"$50,000-$100,000",Disagree,Somewhat disagree,Disagree,Disagree,Disagree,Somewhat disagree,Strongly disagree,Strongly disagree,Somewhat agree,Strongly disagree,Strongly disagree,Disagree,Strongly disagree,Strongly disagree,Strongly disagree,Agree,Strongly disagree,Somewhat disagree,Strongly disagree,Yes,The person behaved coldly towards you.,,"Yes, the other person thought you have advantages because of lucky.",,I downplayed my success.,,5,Dislike,Neither like nor dislike,Neither like nor dislike,Like,Strongly Dislike,1,1,5,5,2,2,2,2,2,2,7,7,33,
2/14/2021 16:23,2/14/2021 16:29,IP Address,70.95.175.172,100,360,TRUE,2/14/2021 16:29,R_1eLR9TtmbPNkLAB,,,,,32.85949707,-117.2124023,anonymous,EN,Yes,20,Male,Junior,,"100%		English (US)",,Asian or Pacific Islander,,United States of America,,Viet Nam,Viet Nam,Employed part time,"$100,000-$200,000",Disagree,Agree,Strongly disagree,Disagree,Strongly disagree,Agree,Strongly disagree,Strongly disagree,Disagree,Somewhat disagree,Agree,Disagree,Strongly disagree,Strongly disagree,Strongly disagree,Agree,Strongly disagree,Disagree,Strongly disagree,No,,,,,,,,,Dislike,Dislike,Dislike,Somewhat dislike,5,5,3,3,1,1,1,1,1,1,0,0,33,
2/14/2021 16:20,2/14/2021 16:30,IP Address,172.251.151.96,100,591,TRUE,2/14/2021 16:30,R_2zBJfX6dPMuXzkM,,,,,33.9776001,-117.7375031,anonymous,EN,Yes,18,Male,Freshman,,"	Korean",18,Asian or Pacific Islander,,United States of America,,South Korea,South Korea,Unemployed,"$50,000-$100,000",Somewhat agree,Somewhat agree,Somewhat agree,Disagree,Somewhat agree,Agree,Neither disagree nor agree,Strongly disagree,Agree,Neither agree nor disagree,Somewhat agree,Somewhat agree,Disagree,Somewhat disagree,Strongly disagree,Agree,Neither agree nor disagree,Somewhat agree,Disagree,Yes,The person said he/she was envious of you.,,No,,I ignored it.,,6,Dislike,Somewhat dislike,Neither like nor dislike,Neither like nor dislike,Neither like nor dislike,6,6,6,6,7,6,5,5,3,3,5,6,33,
2/14/2021 16:43,2/14/2021 16:53,IP Address,136.52.110.228,100,621,TRUE,2/14/2021 16:53,R_3DvBkH67FMIb1UE,,,,,33.70150757,-117.7528,anonymous,EN,Yes,21,Female,Junior,,"100%		English (US)",,Caucasian,,United States of America,,United States of America,United States of America,Unemployed,"$50,000-$100,000",Agree,Agree,Somewhat agree,Strongly agree,Agree,Strongly agree,Agree,Agree,Somewhat disagree,Somewhat agree,Neither agree nor disagree,Agree,Agree,Somewhat agree,Strongly disagree,Agree,Agree,Somewhat agree,Agree,Yes,The person behaved in a hostile way towards you.,,"Yes,the other person thought you did not deserve your success.",,I ignored it.,,3,Somewhat like,Like,Like,Strongly like,Somewhat like,5,5,5,4,5,7,2,4,3,6,2,6,33,
2/14/2021 16:53,2/14/2021 17:05,IP Address,128.54.184.142,100,701,TRUE,2/14/2021 17:05,R_swiLmIZEpQmDv0d,,,,,32.85150146,-117.2798004,anonymous,EN,Yes,20,Male,Sophomore,,"100%		English (US)",,Caucasian,,United States of America,,United States of America,United States of America,Unemployed,"$100,000-$200,000",Somewhat agree,Strongly agree,Somewhat agree,Somewhat disagree,Somewhat disagree,Agree,Neither disagree nor agree,Somewhat disagree,Agree,Disagree,Agree,Agree,Somewhat disagree,Disagree,Strongly disagree,Somewhat agree,Neither agree nor disagree,Somewhat agree,Somewhat agree,Yes,The person said he/she was envious of you.,,No,,I downplayed my success.,,6,Strongly dislike,Dislike,Somewhat like,Somewhat like,Somewhat dislike,3,2,3,3,3,3,5,6,5,4,6,2,33,just grammar
2/14/2021 17:19,2/14/2021 17:36,IP Address,104.32.198.180,100,1023,TRUE,2/14/2021 17:36,R_2dikgKlbg1Hj3R6,,,,,33.98539734,-117.8972015,anonymous,EN,Yes,18,Female,Freshman,,"	Chinese (Traditional)",13,Asian or Pacific Islander,,United States of America,,China,China,Self-employed,"Less than $25,000",Somewhat agree,Somewhat agree,Disagree,Somewhat agree,Somewhat agree,Somewhat agree,Somewhat agree,Somewhat disagree,Somewhat agree,Somewhat disagree,Agree,Somewhat agree,Somewhat agree,Somewhat agree,Strongly disagree,Somewhat agree,Somewhat agree,Somewhat agree,Somewhat agree,Yes,The person behaved in a hostile way towards you.,,"Yes,the other person thought you did not deserve your success.",,I distanced myself from the person,,2,Dislike,Like,Somewhat like,Like,Somewhat dislike,1,3,7,5,7,5,4,4,4,4,4,6,33,
2/14/2021 17:43,2/14/2021 18:06,IP Address,193.36.225.156,100,1333,TRUE,2/14/2021 18:06,R_1q4I3PHtngw7BdX,,,,,34.05439758,-118.2440033,anonymous,EN,Yes,18,Female,Freshman,,"100%		English (US)",,Hispanic/Latino,,United States of America,,Mexico,Mexico,Employed part time,"$50,000-$100,000",Neither disagree nor agree,Disagree,Disagree,Disagree,Disagree,Agree,Disagree,Strongly disagree,Somewhat disagree,Neither agree nor disagree,Somewhat agree,Disagree,Strongly disagree,Disagree,Strongly agree,Somewhat agree,Strongly disagree,Somewhat agree,Strongly disagree,Yes,The person behaved coldly towards you.,,"Yes, the other person thought you have advantages because of lucky.",,I downplayed my success.,,1,Strongly dislike,Dislike,Somewhat like,Somewhat like,Strongly Dislike,7,4,5,1,6,2,4,1,6,2,7,1,33,
2/14/2021 18:24,2/14/2021 18:31,IP Address,66.75.245.254,100,396,TRUE,2/14/2021 18:31,R_1EjpwVoqPU9YwBf,,,,,32.85949707,-117.2124023,anonymous,EN,Yes,20,Female,Junior,,"100%		English (US)",,Asian or Pacific Islander,,United States of America,,China,China,Self-employed,"$100,000-$200,000",Somewhat agree,Somewhat disagree,Agree,Agree,Somewhat agree,Strongly agree,Neither disagree nor agree,Strongly disagree,Somewhat agree,Disagree,Somewhat agree,Somewhat agree,Strongly disagree,Strongly disagree,Strongly disagree,Somewhat disagree,Somewhat agree,Neither agree nor disagree,Disagree,No,,,,,,,,,Dislike,Dislike,Dislike,Dislike,5,5,1,1,4,1,3,2,4,3,1,3,33,
2/14/2021 18:55,2/14/2021 19:03,IP Address,23.243.97.172,100,489,TRUE,2/14/2021 19:03,R_1JPI3bxLHvbMTOi,,,,,33.81599426,-117.9692001,anonymous,EN,Yes,21,Female,Senior,,"100%		English (US)",,Asian or Pacific Islander,,United States of America,,China,China,Unemployed,"More than $200,000",Disagree,Somewhat agree,Strongly disagree,Disagree,Strongly disagree,Agree,Strongly disagree,Strongly disagree,Strongly disagree,Strongly disagree,Strongly disagree,Strongly disagree,Strongly disagree,Strongly disagree,Strongly disagree,Strongly disagree,Strongly disagree,Strongly disagree,Strongly disagree,Yes,The person said he/she was envious of you.,,No,,I downplayed my success.,,7,Somewhat like,Strongly Dislike,Neither like nor dislike,Like,Dislike,5,5,1,1,7,7,1,1,1,1,2,2,33,n/a
2/13/2021 19:05,2/13/2021 19:06,IP Address,68.252.126.233,14,74,FALSE,2/14/2021 19:06,R_6Dm4zwg8HbRJYhr,,,,,,,anonymous,EN,Yes,20,Female,Junior,,"100%		English (US)",,Caucasian,,,,,,,,,,,,,,,,,,,,,,,,,,,,,,,,,,,,,,,,,,,,,,,,,,,,,
2/14/2021 18:58,2/14/2021 19:11,IP Address,137.110.35.19,100,817,TRUE,2/14/2021 19:11,R_3kNcyr92MisK272,,,,,32.85949707,-117.2124023,anonymous,EN,Yes,19,Female,Senior,,"	Chinese (Simplified)",8,Asian or Pacific Islander,,China,5,China,China,Unemployed,"$50,000-$100,000",Disagree,Somewhat agree,Disagree,Somewhat disagree,Disagree,Somewhat agree,Somewhat disagree,Disagree,Somewhat agree,Disagree,Agree,Agree,Disagree,Disagree,Strongly disagree,Somewhat agree,Disagree,Somewhat agree,Disagree,Yes,The person said he/she was envious of you.,,"Yes, the other person thought you have advantages because of lucky.",,I was nice to the person.,,5,Neither like nor dislike,Somewhat dislike,Somewhat like,Neither like nor dislike,Somewhat dislike,7,4,6,4,6,5,5,5,2,5,3,5,33,
2/14/2021 20:05,2/14/2021 20:14,IP Address,183.192.44.38,100,543,TRUE,2/14/2021 20:14,R_5jZ8AOmRPn3EkZb,,,,,31.05490112,121.3493042,anonymous,EN,Yes,19,Female,Freshman,,"	Chinese (Simplified)",3,Asian or Pacific Islander,,China,1,China,China,Unemployed,"$50,000-$100,000",Disagree,Disagree,Somewhat disagree,Somewhat agree,Disagree,Somewhat disagree,Agree,Neither disagree nor agree,Agree,Somewhat disagree,Agree,Agree,Somewhat disagree,Somewhat agree,Strongly disagree,Somewhat agree,Somewhat agree,Agree,Agree,Yes,The person behaved in a hostile way towards you.,,"Yes, the other person thought you have advantages because of lucky.",,I ignored it.,,3,Somewhat like,Somewhat dislike,Like,Somewhat like,Neither like nor dislike,3,5,4,5,5,6,1,1,2,2,1,2,33,Thanks
2/14/2021 20:25,2/14/2021 20:38,IP Address,70.95.169.230,100,807,TRUE,2/14/2021 20:38,R_1E6QDDNTGkbfONr,,,,,32.85949707,-117.2124023,anonymous,EN,Yes,22,Female,Senior,,"	Chinese (Simplified)",7,Asian or Pacific Islander,,China,7,China,China,Unemployed,"More than $200,000",Disagree,Strongly disgaree,Strongly disagree,Strongly disagree,Strongly disagree,Strongly disagaree,Strongly disagree,Strongly disagree,Somewhat agree,Somewhat agree,Somewhat agree,Somewhat agree,Strongly disagree,Strongly disagree,Strongly disagree,Strongly agree,Disagree,Somewhat agree,Strongly disagree,Yes,The person said he/she was envious of you.,,No,,I downplayed my success.,,6,Neither like nor dislike,Like,Strongly like,Neither like nor dislike,Like,2,2,2,2,3,3,1,1,1,1,0,0,33,Questions are short and interesting
2/14/2021 21:43,2/14/2021 21:54,IP Address,108.216.110.234,100,685,TRUE,2/14/2021 21:54,R_AiCwKBgAlvldGuZ,,,,,32.85949707,-117.2124023,anonymous,EN,Yes,21,Female,Senior,,"100%		English (US)",,Caucasian,,United States of America,,United States of America,United States of America,Employed part time,"Less than $25,000",Somewhat agree,Neither disagree nor agree,Neither disagree nor agree,Agree,Neither disagree nor agree,Strongly agree,Agree,Neither disagree nor agree,Somewhat agree,Somewhat agree,Strongly agree,Somewhat agree,Neither agree nor disagree,Agree,Strongly disagree,Strongly agree,Agree,Somewhat agree,Somewhat agree,Yes,The person behaved coldly towards you.,,"Yes,the other person thought you did something unfair or improper.",,I distanced myself from the person,,2,Strongly dislike,Dislike,Somewhat like,Like,Neither like nor dislike,3,5,3,5,5,6,3,1,2,2,2,5,33,
2/14/2021 21:15,2/14/2021 22:08,IP Address,108.216.108.51,100,3142,TRUE,2/14/2021 22:08,R_1M6yP0CBzRHCfOq,,,,,32.85949707,-117.2124023,anonymous,EN,Yes,22,Female,Other,fifth-year,"	Chinese (Simplified)",5,Asian or Pacific Islander,,China,8,China,China,Unemployed,"$50,000-$100,000",Strongly disagree,Strongly disgaree,Strongly disagree,Strongly disagree,Strongly disagree,Strongly disagaree,Strongly disagree,Strongly disagree,Somewhat agree,Disagree,Somewhat agree,Strongly disagree,Strongly disagree,Strongly disagree,Strongly disagree,Disagree,Strongly disagree,Somewhat agree,Strongly disagree,No,,,,,,,,,Somewhat dislike,Neither like nor dislike,Dislike,Somewhat like,2,2,4,2,2,3,2,3,5,3,1,1,33,
2/14/2021 23:16,2/14/2021 23:26,IP Address,118.32.18.196,100,593,TRUE,2/14/2021 23:26,R_3FV820gyJfBBSBa,,,,,37.58590698,126.7745056,anonymous,EN,Yes,18,Female,Freshman,,"100%		English (US)",,Asian or Pacific Islander,,New Zealand,10,South Korea,South Korea,Unemployed,I prefer not to say,Somewhat disagree,Disagree,Disagree,Neither disagree nor agree,Neither disagree nor agree,Somewhat disagree,Somewhat agree,Somewhat disagree,Neither agree nor disagree,Somewhat disagree,Somewhat agree,Neither agree nor disagree,Disagree,Disagree,Strongly disagree,Neither agree nor disagree,Somewhat disagree,Somewhat disagree,Disagree,Yes,The person behaved coldly towards you.,,"Yes, the other person thought you have advantages because of lucky.",,I was nice to the person.,,3,Somewhat dislike,Like,Neither like nor dislike,Somewhat like,Neither like nor dislike,5,1,3,1,3,4,5,2,1,1,1,5,33,nope
2/14/2021 23:22,2/14/2021 23:35,IP Address,99.33.181.229,100,760,TRUE,2/14/2021 23:35,R_3nBNDc3eYu0xD6o,,,,,32.82460022,-117.1970978,anonymous,EN,Yes,23,Female,Senior,,"	Persian",10,Other,Persian,"Iran, Islamic Republic of...",11,"Iran, Islamic Republic of...","Iran, Islamic Republic of...",Employed part time,"$50,000-$100,000",Agree,Somewhat agree,Somewhat disagree,Somewhat agree,Disagree,Somewhat disagree,Somewhat disagree,Strongly disagree,Strongly agree,Strongly disagree,Strongly agree,Strongly agree,Strongly disagree,Strongly disagree,Strongly disagree,Strongly agree,Neither agree nor disagree,Strongly agree,Strongly disagree,Yes,The person behaved in a hostile way towards you.,,"Yes,the other person thought you did not deserve your success.",,I distanced myself from the person,,2,Somewhat dislike,Somewhat dislike,Like,Somewhat like,Somewhat like,7,5,2,1,7,7,2,1,1,1,5,6,33,
2/14/2021 23:35,2/14/2021 23:50,IP Address,128.54.186.194,100,956,TRUE,2/14/2021 23:50,R_2qabH7fz4Z3hdmL,,,,,32.85150146,-117.2798004,anonymous,EN,Yes,21,Female,Senior,,"	Spanish (Latin America)",18,Hispanic/Latino,,Mexico,14,Mexico,Mexico,Employed part time,"$25,000-$50,000",Somewhat agree,Somewhat disagree,Somewhat agree,Somewhat agree,Disagree,Somewhat disagree,Strongly disagree,Strongly disagree,Agree,Disagree,Agree,Agree,Disagree,Disagree,Strongly disagree,Agree,Somewhat disagree,Agree,Strongly disagree,Yes,The person behaved in a hostile way towards you.,,"Yes, the other person thought you have advantages because of lucky.",,I downplayed my success.,,5,Dislike,Dislike,Somewhat dislike,Somewhat dislike,Neither like nor dislike,3,5,4,7,1,3,3,2,1,1,4,5,33,
2/14/2021 23:42,2/14/2021 23:57,IP Address,137.110.33.221,100,929,TRUE,2/14/2021 23:57,R_e2qy6rpEbCtsVnb,,,,,32.85949707,-117.2124023,anonymous,EN,Yes,19,Female,Freshman,,"	Chinese (Simplified)",5,Asian or Pacific Islander,,China,0,China,China,Employed part time,"$50,000-$100,000",Somewhat agree,Somewhat agree,Somewhat disagree,Somewhat agree,Somewhat disagree,Somewhat agree,Somewhat agree,Somewhat disagree,Agree,Neither agree nor disagree,Agree,Strongly agree,Somewhat agree,Somewhat disagree,Strongly agree,Neither agree nor disagree,Somewhat disagree,Somewhat agree,Somewhat disagree,Yes,The person said he/she was envious of you.,,"Yes, the other person thought you have advantages because of lucky.",,I ignored it.,,3,like,Somewhat like,Like,Like,Like,7,6,1,1,6,5,1,1,1,1,0,0,33,no
2/15/2021 0:01,2/15/2021 0:19,IP Address,76.95.180.14,100,1060,TRUE,2/15/2021 0:19,R_p9LoxXiceKa0I9P,,,,,33.90750122,-117.7865982,anonymous,EN,Yes,20,Female,Junior,,"	Chinese (Simplified)",6,Asian or Pacific Islander,,China,7,China,China,Unemployed,"$25,000-$50,000",Strongly disagree,Somewhat disagree,Strongly disagree,Strongly disagree,Strongly disagree,Disagree,Disagree,Strongly disagree,Strongly disagree,Strongly disagree,Somewhat agree,Strongly disagree,Strongly disagree,Strongly disagree,Strongly disagree,Strongly disagree,Strongly disagree,Somewhat agree,Strongly disagree,Yes,The person behaved in a hostile way towards you.,,"Yes, the other person thought you have advantages because of lucky.",,I ignored it.,,1,Strongly dislike,Strongly Dislike,Strongly Dislike,Strongly Dislike,Somewhat dislike,2,7,2,7,3,7,2,4,5,5,6,7,33,
2/15/2021 0:11,2/15/2021 0:22,IP Address,99.21.7.187,100,643,TRUE,2/15/2021 0:22,R_29taAXftMvgbjCc,,,,,33.92489624,-117.459198,anonymous,EN,Yes,21,Female,Senior,,"100%		English (US)",,Hispanic/Latino,,United States of America,,Mexico,Mexico,Unemployed,"$25,000-$50,000",Agree,Somewhat agree,Somewhat disagree,Somewhat agree,Strongly disagree,Agree,Neither disagree nor agree,Strongly disagree,Neither agree nor disagree,Disagree,Agree,Somewhat agree,Strongly disagree,Disagree,Strongly disagree,Somewhat agree,Somewhat disagree,Somewhat agree,Strongly disagree,Yes,The person said he/she was envious of you.,,No,,I was nice to the person.,,7,Strongly dislike,Dislike,Somewhat dislike,Dislike,Strongly Dislike,6,4,6,3,3,1,4,4,5,2,6,7,33,
2/15/2021 0:30,2/15/2021 0:45,IP Address,104.186.136.237,100,918,TRUE,2/15/2021 0:45,R_1jPmGJRXE091Y2K,,,,,33.91679382,-118.3432007,anonymous,EN,Yes,21,Female,Senior,,"100%		English (US)",,Hispanic/Latino,,United States of America,,Mexico,Mexico,Unemployed,"Less than $25,000",Disagree,Somewhat agree,Strongly disagree,Disagree,Strongly disagree,Somewhat agree,Disagree,Strongly disagree,Agree,Somewhat agree,Somewhat agree,Disagree,Disagree,Disagree,Strongly disagree,Disagree,Disagree,Somewhat disagree,Strongly disagree,Yes,The person said he/she was envious of you.,,"Yes, the other person thought you have advantages because of lucky.",,I was nice to the person.,,5,Strongly dislike,Dislike,Somewhat dislike,Dislike,Somewhat dislike,7,6,7,5,7,7,4,3,2,2,5,7,33,n/a
2/15/2021 0:37,2/15/2021 0:51,IP Address,128.54.181.225,100,783,TRUE,2/15/2021 0:51,R_TdWQV1d4odOB18B,,,,,32.85150146,-117.2798004,anonymous,EN,Yes,18,Female,Freshman,,"100%		English (US)",,Asian or Pacific Islander,,United States of America,,United States of America,United States of America,Unemployed,"$50,000-$100,000",Strongly disagree,Somewhat agree,Disagree,Disagree,Strongly disagree,Somewhat agree,Disagree,Disagree,Neither agree nor disagree,Disagree,Somewhat disagree,Disagree,Strongly disagree,Somewhat agree,Strongly disagree,Neither agree nor disagree,Neither agree nor disagree,Disagree,Disagree,No,,,,,,,,,Strongly Dislike,Dislike,Strongly Dislike,Dislike,4,3,4,6,5,3,3,3,2,2,4,6,33,"I noticed when asking for my parent's origins, Taiwan was not listed as a country, which made me choose the United States. So those answers for that question is wrong, and if you can incorporate the country as a choice that would be wonderful for other participants who identify with that country."
2/15/2021 1:05,2/15/2021 1:21,IP Address,183.192.221.6,100,927,TRUE,2/15/2021 1:21,R_0j0l4F5xkDCpCDL,,,,,31.05490112,121.3493042,anonymous,EN,Yes,19,Female,Freshman,,"	Chinese (Simplified)",6,Asian or Pacific Islander,,China,0,China,China,Not Applicable/Other,"$50,000-$100,000",Strongly disagree,Somewhat disagree,Strongly disagree,Disagree,Strongly disagree,Disagree,Strongly disagree,Strongly disagree,Agree,Strongly disagree,Agree,Somewhat agree,Disagree,Disagree,Strongly disagree,Disagree,Somewhat agree,Agree,Disagree,Yes,The person behaved in a hostile way towards you.,,No,,I ignored it.,,3,Strongly dislike,Dislike,Somewhat like,Strongly Dislike,Neither like nor dislike,4,6,2,3,6,6,3,2,1,1,1,1,33,
2/15/2021 1:24,2/15/2021 1:57,IP Address,45.56.153.229,100,1979,TRUE,2/15/2021 1:57,R_28LF3oqWyhZxlOa,,,,,1.283203125,103.8551941,anonymous,EN,Yes,19,Female,Freshman,,"	Chinese (Simplified)",7,Asian or Pacific Islander,,China,0,China,China,Not Applicable/Other,"$100,000-$200,000",Strongly disagree,Strongly disgaree,Strongly disagree,Disagree,Strongly disagree,Strongly disagaree,Strongly disagree,Strongly disagree,Somewhat agree,Strongly disagree,Agree,Neither agree nor disagree,Strongly disagree,Strongly disagree,Strongly disagree,Neither agree nor disagree,Strongly disagree,Somewhat agree,Strongly disagree,No,,,,,,,,,Dislike,Strongly Dislike,Dislike,Dislike,2,1,1,1,2,1,1,1,1,1,3,4,33,N/A
2/15/2021 2:34,2/15/2021 2:48,IP Address,67.198.237.16,100,862,TRUE,2/15/2021 2:48,R_2uUOS18n18GYFkX,,,,,23.08329773,114.3999939,anonymous,EN,Yes,19,Male,Sophomore,,"	Chinese (Simplified)",5,Asian or Pacific Islander,,China,2,China,China,Unemployed,"$50,000-$100,000",Disagree,Disagree,Somewhat disagree,Agree,Strongly disagree,Somewhat agree,Disagree,Strongly disagree,Agree,Somewhat disagree,Strongly agree,Agree,Somewhat disagree,Disagree,Strongly disagree,Agree,Disagree,Strongly agree,Strongly disagree,Yes,The person said he/she was envious of you.,,"Yes,the other person thought you did something unfair or improper.",,I downplayed my success.,,6,Dislike,Somewhat dislike,Dislike,Dislike,Dislike,5,3,2,2,6,4,2,6,1,1,1,7,33,Interesting Survey! Enjoyed it.
2/15/2021 4:23,2/15/2021 4:32,IP Address,24.23.128.58,100,498,TRUE,2/15/2021 4:32,R_1rxFYvQ4sCVB2a2,,,,,37.43710327,-121.895401,anonymous,EN,Yes,20,Male,Junior,,"100%		English (US)",,Asian or Pacific Islander,,United States of America,,China,China,Unemployed,"$25,000-$50,000",Neither disagree nor agree,Neither disagree nor agree,Neither disagree nor agree,Neither disagree nor agree,Neither disagree nor agree,Somewhat agree,Neither disagree nor agree,Somewhat disagree,Somewhat agree,Somewhat disagree,Somewhat agree,Somewhat agree,Somewhat disagree,Somewhat disagree,Strongly disagree,Somewhat agree,Somewhat disagree,Somewhat agree,Somewhat disagree,No,,,,,,,,,Neither like nor dislike,Neither like nor dislike,Neither like nor dislike,Neither like nor dislike,1,1,2,2,1,1,3,3,6,6,2,2,33,None
2/15/2021 5:36,2/15/2021 5:42,IP Address,23.98.43.17,100,333,TRUE,2/15/2021 5:42,R_3EDSnreQja05pbI,,,,,22.27949524,114.1459961,anonymous,EN,Yes,21,Male,Senior,,"	Chinese (Simplified)",6,Asian or Pacific Islander,,China,4,China,China,Unemployed,"More than $200,000",Strongly disagree,Somewhat agree,Strongly disagree,Neither disagree nor agree,Strongly disagree,Somewhat agree,Strongly agree,Neither disagree nor agree,Somewhat agree,Disagree,Neither agree nor disagree,Neither agree nor disagree,Somewhat agree,Disagree,Strongly agree,Somewhat disagree,Disagree,Neither agree nor disagree,Somewhat disagree,Yes,The person behaved coldly towards you.,,"Yes, the other person thought you have advantages because of lucky.",,I was nice to the person.,,1,Neither like nor dislike,Neither like nor dislike,Neither like nor dislike,Neither like nor dislike,Somewhat like,4,4,4,4,4,4,4,4,4,4,3,3,33,
2/15/2021 8:48,2/15/2021 8:48,IP Address,99.95.169.24,100,6,TRUE,2/15/2021 8:48,R_5dboDffIGcYCBu9,,,,,32.85949707,-117.2124023,anonymous,EN,No,,,,,,,,,,,,,,,,,,,,,,,,,,,,,,,,,,,,,,,,,,,,,,,,,,,,,,,,,,,,
2/15/2021 8:54,2/15/2021 9:06,IP Address,66.75.249.110,100,723,TRUE,2/15/2021 9:06,R_1feEmHQvhEUvqYV,,,,,32.85949707,-117.2124023,anonymous,EN,Yes,20,Female,Junior,,"100%		English (US)",,Caucasian,,United States of America,,United States of America,United States of America,Unemployed,I prefer not to say,Neither disagree nor agree,Somewhat disagree,Somewhat disagree,Neither disagree nor agree,Somewhat disagree,Somewhat disagree,Somewhat disagree,Disagree,Neither agree nor disagree,Neither agree nor disagree,Agree,Somewhat agree,Somewhat disagree,Disagree,Strongly disagree,Neither agree nor disagree,Disagree,Neither agree nor disagree,Strongly disagree,No,,,,,,,,,Neither like nor dislike,Neither like nor dislike,Dislike,Somewhat dislike,2,1,1,1,1,1,1,1,2,3,6,7,33,
2/15/2021 9:29,2/15/2021 9:46,IP Address,24.43.123.82,100,1023,TRUE,2/15/2021 9:46,R_3G9TH8ScLluEWMV,,,,,32.84249878,-117.2483978,anonymous,EN,Yes,22,Male,Junior,,"	Chinese (Simplified)",7,Asian or Pacific Islander,,China,7,China,China,Unemployed,"$50,000-$100,000",Disagree,Disagree,Strongly disagree,Somewhat disagree,Strongly disagree,Strongly disagaree,Strongly disagree,Strongly disagree,Agree,Neither agree nor disagree,Somewhat agree,Neither agree nor disagree,Strongly disagree,Strongly disagree,Strongly disagree,Neither agree nor disagree,Strongly disagree,Somewhat agree,Strongly disagree,Yes,The person behaved in a hostile way towards you.,,"Yes, the other person thought you have advantages because of lucky.",,I was nice to the person.,,4,Neither like nor dislike,Strongly Dislike,Strongly Dislike,Strongly Dislike,Strongly Dislike,3,6,1,1,1,4,1,1,1,1,1,1,33,
2/15/2021 10:29,2/15/2021 10:49,IP Address,172.56.30.201,100,1200,TRUE,2/15/2021 10:49,R_3hDUBQijQC9TL3F,,,,,34.22779846,-118.4420013,anonymous,EN,Yes,18,Female,Freshman,,"100%		English (US)",,Other,,United States of America,,United States of America,Honduras,Unemployed,"$25,000-$50,000",Strongly disagree,Disagree,Strongly disagree,Disagree,Strongly disagree,Disagree,Disagree,Strongly disagree,Somewhat disagree,Disagree,Disagree,Strongly disagree,Strongly disagree,Disagree,Strongly disagree,Disagree,Strongly disagree,Strongly disagree,Strongly disagree,Yes,The person behaved in a hostile way towards you.,,No,,I downplayed my success.,,7,Strongly dislike,Dislike,Somewhat dislike,Somewhat dislike,Dislike,7,7,4,4,7,7,2,2,4,3,3,5,33,No feedback 
2/15/2021 10:39,2/15/2021 10:50,IP Address,172.58.27.215,100,648,TRUE,2/15/2021 10:50,R_12xMaiXPo8xAgcr,,,,,34.01210022,-117.6883011,anonymous,EN,Yes,19,Female,Sophomore,,"100%		English (US)",,African American,,United States of America,,United States of America,United States of America,Employed part time,"Less than $25,000",Disagree,Strongly disgaree,Strongly disagree,Strongly disagree,Disagree,Somewhat agree,Disagree,Strongly disagree,Agree,Neither agree nor disagree,Strongly agree,Somewhat agree,Disagree,Strongly disagree,Strongly disagree,Agree,Agree,Somewhat agree,Strongly disagree,Yes,The person behaved coldly towards you.,,"Yes,the other person thought you did not deserve your success.",,I downplayed my success.,,4,Dislike,Strongly Dislike,Neither like nor dislike,Dislike,Strongly Dislike,5,3,7,7,6,3,5,2,3,1,5,5,33,
2/15/2021 11:17,2/15/2021 11:31,IP Address,68.8.105.228,100,808,TRUE,2/15/2021 11:31,R_5c24iOXaCyfyJYl,,,,,32.73980713,-117.0270004,anonymous,EN,Yes,19,Female,Freshman,,"	Spanish",10,Hispanic/Latino,,United States of America,,Mexico,Mexico,Employed full time,"$50,000-$100,000",Somewhat agree,Disagree,Somewhat agree,Somewhat agree,Neither disagree nor agree,Agree,Somewhat agree,Disagree,Somewhat agree,Disagree,Somewhat agree,Neither agree nor disagree,Somewhat agree,Somewhat agree,Disagree,Somewhat agree,Somewhat agree,Somewhat agree,Disagree,Yes,The person behaved coldly towards you.,,"Yes, the other person thought you have advantages because of lucky.",,I distanced myself from the person,,6,Somewhat like,Somewhat dislike,Like,Somewhat like,Neither like nor dislike,7,6,6,6,6,5,5,6,2,3,3,5,33,
2/15/2021 11:23,2/15/2021 11:34,IP Address,107.184.75.92,100,628,TRUE,2/15/2021 11:34,R_2zhIdpnqLkVf7xw,,,,,34.10820007,-118.1568985,anonymous,EN,Yes,19,Male,Freshman,,"100%		English (US)",,Asian or Pacific Islander,,United States of America,,China,China,Unemployed,"$100,000-$200,000",Somewhat disagree,Neither disagree nor agree,Somewhat disagree,Somewhat agree,Neither disagree nor agree,Somewhat agree,Neither disagree nor agree,Somewhat disagree,Agree,Somewhat disagree,Somewhat agree,Somewhat agree,Disagree,Disagree,Strongly disagree,Agree,Somewhat disagree,Somewhat agree,Disagree,Yes,The person behaved coldly towards you.,,No,,I downplayed my success.,,3,Somewhat like,Somewhat like,Somewhat like,Somewhat like,Neither like nor dislike,6,4,5,3,6,4,5,5,6,5,5,2,33,
2/15/2021 11:52,2/15/2021 12:12,IP Address,128.54.162.191,100,1170,TRUE,2/15/2021 12:12,R_3fP3TEhssgjHFpF,,,,,32.85150146,-117.2798004,anonymous,EN,Yes,18,Female,Freshman,,"100%		English (US)",,Caucasian,,United States of America,,United States of America,United States of America,Employed part time,"$100,000-$200,000",Strongly disagree,Disagree,Strongly disagree,Disagree,Strongly disagree,Disagree,Disagree,Strongly disagree,Somewhat agree,Strongly disagree,Somewhat agree,Disagree,Disagree,Strongly disagree,Strongly disagree,Somewhat agree,Strongly disagree,Neither agree nor disagree,Disagree,Yes,The person behaved coldly towards you.,,No,,I distanced myself from the person,,3,Strongly dislike,Dislike,Somewhat dislike,Somewhat like,Somewhat dislike,6,4,2,1,6,4,1,2,1,2,3,4,33,
2/15/2021 12:08,2/15/2021 12:21,IP Address,128.54.169.190,100,749,TRUE,2/15/2021 12:21,R_3PZUMLNghHwqSNT,,,,,32.85150146,-117.2798004,anonymous,EN,Yes,21,Female,Senior,,"100%		English (US)",,Caucasian,,United States of America,,United States of America,United States of America,Employed part time,"Less than $25,000",Strongly disagree,Disagree,Strongly disagree,Strongly disagree,Strongly disagree,Somewhat agree,Disagree,Strongly disagree,Somewhat disagree,Somewhat agree,Somewhat agree,Somewhat disagree,Disagree,Disagree,Strongly disagree,Somewhat agree,Somewhat agree,Somewhat agree,Disagree,Yes,The person behaved coldly towards you.,,"Yes,the other person thought you did not deserve your success.",,I was nice to the person.,,1,Somewhat like,Strongly Dislike,Somewhat like,Dislike,Somewhat dislike,5,4,2,1,6,5,3,2,4,5,5,4,33,
2/15/2021 12:12,2/15/2021 12:40,IP Address,108.18.103.146,100,1679,TRUE,2/15/2021 12:40,R_emPbnQilPy4zIrf,,,,,38.98410034,-77.36720276,anonymous,EN,Yes,22,Female,Senior,,"	Chinese (Simplified)",7,Asian or Pacific Islander,,China,7,China,China,Unemployed,"$100,000-$200,000",Strongly disagree,Agree,Disagree,Somewhat agree,Disagree,Neither disagree nor agree,Agree,Strongly disagree,Agree,Somewhat disagree,Agree,Somewhat agree,Somewhat disagree,Strongly disagree,Strongly disagree,Somewhat agree,Disagree,Somewhat disagree,Disagree,Yes,The person said he/she was envious of you.,,"Yes, the other person thought you have advantages because of lucky.",,I ignored it.,,2,Neither like nor dislike,Somewhat like,Somewhat like,Somewhat like,Somewhat like,7,7,7,5,7,7,5,3,4,5,5,3,33,
2/15/2021 12:49,2/15/2021 13:02,IP Address,99.10.71.223,100,747,TRUE,2/15/2021 13:02,R_2timIlzH3upQGNw,,,,,32.74490356,-117.1650009,anonymous,EN,Yes,20,Female,Junior,,"100%		English (US)",,Hispanic/Latino,,United States of America,,Mexico,United States of America,Employed part time,I prefer not to say,Somewhat disagree,Somewhat agree,Somewhat disagree,Somewhat agree,Somewhat disagree,Somewhat agree,Somewhat agree,Somewhat disagree,Somewhat disagree,Somewhat agree,Somewhat agree,Somewhat agree,Disagree,Somewhat disagree,Strongly disagree,Disagree,Somewhat disagree,Somewhat agree,Somewhat disagree,Yes,The person behaved in a hostile way towards you.,,"Yes,the other person thought you did something unfair or improper.",,I was nice to the person.,,1,Strongly dislike,Dislike,Dislike,Somewhat dislike,Dislike,6,7,4,5,5,6,1,2,2,3,5,7,33,
2/15/2021 12:39,2/15/2021 13:13,IP Address,70.95.169.238,100,2082,TRUE,2/15/2021 13:13,R_egGd8YdAUl4qfXr,,,,,32.85949707,-117.2124023,anonymous,EN,Yes,23,Female,Senior,,"	Myanmar/Burmese",18,Asian or Pacific Islander,,Myanmar,17,Myanmar,Myanmar,Unemployed,"$25,000-$50,000",Somewhat disagree,Somewhat agree,Somewhat disagree,Strongly disagree,Disagree,Strongly agree,Disagree,Strongly disagree,Agree,Strongly disagree,Strongly agree,Somewhat agree,Strongly disagree,Strongly disagree,Strongly disagree,Strongly agree,Strongly disagree,Agree,Strongly disagree,No,,,,,,,,,Strongly Dislike,Strongly Dislike,Strongly Dislike,Dislike,7,7,7,7,7,7,7,7,5,5,7,7,33,
2/15/2021 13:03,2/15/2021 13:24,IP Address,72.194.106.60,100,1299,TRUE,2/15/2021 13:24,R_Wxv2SUt6bdcg8wN,,,,,33.56790161,-117.7046051,anonymous,EN,Yes,18,Female,Junior,,"100%		English (US)",,Asian or Pacific Islander,,United States of America,,China,China,Unemployed,I prefer not to say,Somewhat agree,Agree,Neither disagree nor agree,Agree,Neither disagree nor agree,Somewhat agree,Somewhat agree,Neither disagree nor agree,Neither agree nor disagree,Somewhat disagree,Somewhat agree,Somewhat agree,Somewhat disagree,Somewhat disagree,Strongly disagree,Somewhat agree,Somewhat disagree,Somewhat agree,Somewhat disagree,Yes,Other,,No,,I was nice to the person.,,3,Somewhat like,Dislike,Somewhat like,Like,Somewhat dislike,5,5,3,4,5,6,4,1,3,3,4,2,33,
2/15/2021 13:17,2/15/2021 13:28,IP Address,98.238.185.228,100,666,TRUE,2/15/2021 13:28,R_aVQX2Gv4XblPJ2F,,,,,36.20170593,-119.3401947,anonymous,EN,Yes,19,Female,Sophomore,,"100%		English (US)",,Caucasian,,United States of America,,United States of America,United States of America,Employed part time,"$25,000-$50,000",Agree,Agree,Somewhat agree,Strongly agree,Somewhat agree,Agree,Agree,Agree,Agree,Disagree,Agree,Agree,Disagree,Somewhat agree,Strongly disagree,Agree,Somewhat agree,Somewhat agree,Somewhat agree,Yes,The person behaved coldly towards you.,,"Yes,the other person thought you did not deserve your success.",,I was nice to the person.,,4,Dislike,Strongly Dislike,Dislike,Dislike,Dislike,6,6,5,5,6,6,4,2,2,2,5,6,33,"nope, great  study!"
2/15/2021 13:27,2/15/2021 13:37,IP Address,216.200.96.18,100,620,TRUE,2/15/2021 13:37,R_2cqEQMCEdl8m9pG,,,,,39.54730225,-119.795105,anonymous,EN,Yes,18,Female,Freshman,,"100%		English (US)",,Caucasian,,United States of America,,United States of America,United States of America,Unemployed,"$100,000-$200,000",Disagree,Disagree,Strongly disagree,Disagree,Disagree,Somewhat agree,Disagree,Disagree,Agree,Disagree,Neither agree nor disagree,Somewhat disagree,Strongly disagree,Disagree,Strongly disagree,Neither agree nor disagree,Somewhat disagree,Somewhat disagree,Disagree,No,,,,,,,,,Dislike,Dislike,Somewhat like,Somewhat like,5,4,1,1,5,4,5,6,1,1,4,5,23,
2/15/2021 13:27,2/15/2021 13:41,IP Address,172.248.22.53,100,806,TRUE,2/15/2021 13:41,R_33kTqvtr6AbSE26,,,,,33.86039734,-117.7545013,anonymous,EN,Yes,21,Female,Senior,,"	Vietnamese",18,Asian or Pacific Islander,,United States of America,,Viet Nam,Viet Nam,Unemployed,"$50,000-$100,000",Somewhat agree,Somewhat agree,Somewhat disagree,Somewhat agree,Disagree,Somewhat agree,Disagree,Disagree,Somewhat agree,Disagree,Agree,Somewhat disagree,Strongly disagree,Somewhat disagree,Strongly disagree,Somewhat agree,Somewhat agree,Somewhat agree,Disagree,Yes,The person behaved coldly towards you.,,"Yes,the other person thought you did not deserve your success.",,I ignored it.,,7,Dislike,Somewhat dislike,Strongly Dislike,Somewhat dislike,Somewhat dislike,6,3,7,5,5,4,2,1,1,1,1,2,33,
2/15/2021 13:34,2/15/2021 13:50,IP Address,174.65.196.149,100,982,TRUE,2/15/2021 13:50,R_2Xnw51RHFxtB2mM,,,,,32.72579956,-116.9933014,anonymous,EN,Yes,20,Male,Junior,,"	Arabic",8,Caucasian,,Iraq,8,Iraq,Iraq,Unemployed,"Less than $25,000",Strongly agree,Strongly agree,Agree,Strongly agree,Agree,Neither disagree nor agree,Agree,Neither disagree nor agree,Somewhat disagree,Strongly agree,Neither agree nor disagree,Somewhat disagree,Strongly agree,Somewhat agree,Strongly disagree,Somewhat agree,Somewhat disagree,Neither agree nor disagree,Neither agree nor disagree,Yes,Other,"Back in high school, I did better in some of the classes like History than some of the more studious classmates, so they asked how I did so well, but in the grand scheme of things, those high school grades moments are irrelevant to the things I feel envious about.","Yes,the other person thought you did not deserve your success.",,I downplayed my success.,,1,Somewhat like,Dislike,Neither like nor dislike,Like,Somewhat dislike,3,3,1,2,2,4,2,2,1,1,3,4,33,
2/15/2021 13:43,2/15/2021 13:53,IP Address,73.70.189.123,100,572,TRUE,2/15/2021 13:53,R_2xFt6HmN46V3u2I,,,,,37.31770325,-122.0438004,anonymous,EN,Yes,21,Female,Senior,,"100%		English (US)",,Asian or Pacific Islander,,United States of America,,Indonesia,Indonesia,Employed part time,"Less than $25,000",Agree,Strongly agree,Agree,Agree,Agree,Strongly agree,Somewhat disagree,Somewhat disagree,Strongly agree,Somewhat agree,Agree,Agree,Disagree,Somewhat agree,Strongly disagree,Agree,Disagree,Agree,Somewhat disagree,No,,,,,,,,,Somewhat dislike,Somewhat like,Like,Dislike,5,4,2,1,6,6,6,5,3,3,5,7,33,
2/15/2021 13:49,2/15/2021 14:04,IP Address,66.75.255.112,100,923,TRUE,2/15/2021 14:04,R_2Bhd3UemNRNwaM9,,,,,32.85949707,-117.2124023,anonymous,EN,Yes,21,Female,Senior,,"100%		English (US)",,Hispanic/Latino,,United States of America,,United States of America,United States of America,Employed part time,"Less than $25,000",Somewhat agree,Agree,Strongly agree,Strongly agree,Agree,Strongly agree,Disagree,Disagree,Strongly agree,Disagree,Strongly agree,Somewhat agree,Strongly disagree,Disagree,Strongly disagree,Strongly agree,Strongly disagree,Strongly agree,Strongly disagree,No,,,,,,,,,Somewhat dislike,Dislike,Somewhat like,Neither like nor dislike,2,4,4,5,1,3,1,2,6,7,5,6,33,
2/15/2021 13:55,2/15/2021 14:05,IP Address,23.242.42.176,100,566,TRUE,2/15/2021 14:05,R_1pm7vHaHc4laTR1,,,,,33.81440735,-117.8522034,anonymous,EN,Yes,20,Male,Sophomore,,"	Vietnamese",19,Asian or Pacific Islander,,United States of America,,Viet Nam,Viet Nam,Not Applicable/Other,I prefer not to say,Strongly disagree,Strongly disgaree,Strongly disagree,Strongly disagree,Strongly disagree,Somewhat disagree,Strongly disagree,Strongly disagree,Strongly agree,Strongly disagree,Strongly agree,Neither agree nor disagree,Strongly disagree,Strongly disagree,Strongly disagree,Strongly agree,Disagree,Agree,Strongly disagree,No,,,,,,,,,Strongly Dislike,Strongly Dislike,Strongly Dislike,Strongly Dislike,5,3,3,1,6,2,1,1,3,1,5,3,33,"No, I do not. Thank-you!!"
2/15/2021 13:56,2/15/2021 14:06,IP Address,172.114.189.89,100,610,TRUE,2/15/2021 14:06,R_2Qu4Ivnh2t4AMBq,,,,,33.87440491,-117.8564987,anonymous,EN,Yes,18,Female,Freshman,,"100%		English (US)",,Other,,United States of America,,"Iran, Islamic Republic of...","Iran, Islamic Republic of...",Unemployed,"$25,000-$50,000",Disagree,Neither disagree nor agree,Strongly disagree,Somewhat agree,Strongly disagree,Neither disagree nor agree,Somewhat agree,Somewhat agree,Agree,Somewhat agree,Agree,Somewhat disagree,Strongly disagree,Agree,Strongly disagree,Agree,Somewhat agree,Agree,Somewhat agree,Yes,The person behaved coldly towards you.,,"Yes,the other person thought you did something unfair or improper.",,I downplayed my success.,,2,Strongly dislike,Dislike,Like,Strongly Dislike,Somewhat like,2,6,5,6,7,5,3,6,2,2,1,7,33,
