ResponseId,Prolific ID,Age,Gender,NativeLanguage,YearEnglish,Ethnicity,Ethnicity_6_TEXT,BornCountry,YearsUS,MomBorn,DadBorn,EmpoymentStatus,Annual-Income,HighestDegree,Ideology,PoliticalParty,Attention1,Questions: 1C_1,Questions: 1C_2,Questions: 1C_3,Questions: 1C_4,Questions: 1C_5,Questions: 1A_1,Questions: 1A_2,Questions: 1A_3,Questions: 1A_4,Questions: 1A_5,Questions: 1C+C_1,Questions: 1C+C_2,Questions: 1C+C_3,Questions: 1C+C_4,Questions: 1C+C_5,Questions: 1A+C_1,Questions: 1A+C_2,Questions: 1A+C_3,Questions: 1A+C_4,Questions: 1A+C_5,2A: Q1,2A: Q2,2A: Q3,2A: Q4,2A: Q5,2A: Q6,2A: Q7,2A: Q8,2A: Q9,2A: Q10,2A: Q11,2A: Q12,2A: Q13_1,2A: Q13_2,2A: Q13_3,2A: Q13_4,2A: Q13_5,2B: Q1,2B: Q2,2B: Q3,2B: Q4,2B: Q5,2B: Q6,2B: Q7,2B: Q8,2B: Q9,2B: Q10,2B: Q11,2B: Q12,2B: Q13_1,2B: Q13_2,2B: Q13_3,2B: Q13_4,2B: Q13_5,Random1,Random2
R_2fj8kPtATmFCtZW,5c03448ca33dc3000159e4ba,27,2,16,,5,,187,,76,76,4,1,5,1,2,1,,,,,,,,,,,,,,,,5,4,4,1,5,1,1,1,1,1,1,1,1,1,1,1,1,3,3,5,7,7,,,,,,,,,,,,,,,,,,Advertising+Counterfactual,CharitableFundraiser
R_3FPTqCy3g6eTLbr,603831e0ffe72f15e2ee0138,25,2,16,,5,,187,,187,187,2,2,5,2,4,1,4,5,4,2,5,,,,,,,,,,,,,,,,,,,,,,,,,,,,,,,,,2,2,1,1,1,1,1,1,1,1,1,1,3,3,2,5,2,Charity,CorporateFundraiser
R_1C3DVtaC4j03zOE,5f677404786b013835571054,25,2,16,,5,,187,,187,187,1,3,3,1,2,1,,,,,,,,,,,,,,,,4,4,4,1,6,2,1,1,1,1,1,1,1,1,1,1,1,5,5,6,6,5,,,,,,,,,,,,,,,,,,Advertising+Counterfactual,CharitableFundraiser
R_8HPWPLNrWiOO2Wd,5ee93ab8a93d8b15baf72fc5,22,2,16,,5,,187,,187,187,2,4,3,1,2,1,,,,,,,,,,,7,5,3,4,5,,,,,,,,,,,,,,,,,,,,,,,2,2,1,1,1,1,1,1,1,1,1,1,4,4,3,5,5,Charity+Counterfactual,CorporateFundraiser
R_1jjpcTOsQbmUWH8,5d8934dc4c680f00181616f8,33,2,16,,5,,187,,187,187,1,1,5,3,4,1,,,,,,,,,,,,,,,,5,5,5,5,1,,,,,,,,,,,,,,,,,,1,1,1,1,1,1,1,1,1,1,1,1,5,5,6,5,5,Advertising+Counterfactual,CorporateFundraiser
R_WxlSh1b7Oysy83D, 608e00922399b35dc86409cf ,23,2,16,,5,,187,,187,187,1,2,5,1,4,1,1,1,1,1,9,,,,,,,,,,,,,,,,,,,,,,,,,,,,,,,,,1,1,1,1,1,1,2,1,1,1,1,1,1,1,5,2,2,Charity,CorporateFundraiser
R_PtkEs3Y4kBTbgjv,5fc130fed6d5461168cc0b84,34,2,16,,5,,187,,187,187,1,4,6,5,8,1,,,,,,4,4,4,4,4,,,,,,,,,,,2,2,2,2,2,2,2,2,2,2,2,2,4,4,4,4,4,,,,,,,,,,,,,,,,,,Advertising,CharitableFundraiser
R_2DMOlS0nBDrPYxn,6080615584caf6e578ad74eb,27,2,16,,5,,187,,187,187,1,2,3,3,4,1,9,9,9,9,1,,,,,,,,,,,,,,,,2,2,2,2,2,2,2,2,2,2,2,2,1,1,1,1,1,,,,,,,,,,,,,,,,,,Charity,CharitableFundraiser
R_3F29vf84SIm9vfq,5edd13e3858a15a07241964b,29,2,16,,3,,187,,187,187,1,2,5,2,5,1,,,,,,2,1,1,2,3,,,,,,,,,,,1,1,1,1,1,1,1,1,1,1,1,1,5,6,7,6,7,,,,,,,,,,,,,,,,,,Advertising,CharitableFundraiser
R_2EfM3M9igXMDVMO,5d31b929b80d0a000185c7e6,24,2,16,,5,,187,,187,187,3,1,2,1,9,1,,,,,,,,,,,,,,,,3,2,2,1,6,,,,,,,,,,,,,,,,,,2,2,1,1,1,1,1,1,1,1,1,1,3,4,2,5,6,Advertising+Counterfactual,CorporateFundraiser
R_8ph35XqOI4amTO9,5e28e8730fd86a0a19e084cd,37,1,16,,5,,187,,187,187,2,1,3,1,9,1,,,,,,5,5,1,1,9,,,,,,,,,,,,,,,,,,,,,,,,,,,,1,2,1,1,1,1,1,1,1,1,1,1,5,5,5,5,5,Advertising,CorporateFundraiser
R_3hsHaRVBbPBnGiu,60160b7a090d3e79a244fc11,28,2,16,,5,,187,,187,187,4,3,2,2,5,1,,,,,,7,7,5,5,3,,,,,,,,,,,,,,,,,,,,,,,,,,,,2,1,1,1,1,1,1,1,1,1,1,1,7,5,7,8,7,Advertising,CorporateFundraiser
R_20ZKANTSExBxGEH,5dd35aea9b6104366fef1a90,50,2,16,,5,,187,,187,187,5,4,2,4,6,1,,,,,,5,7,5,3,3,,,,,,,,,,,,,,,,,,,,,,,,,,,,2,2,2,1,1,1,1,1,1,1,1,1,5,5,7,7,4,Advertising,CorporateFundraiser
R_1jm64P7R45vp6xh,5decb2d5dbb3b5380070f110,33,1,16,,5,,187,,187,187,1,3,4,4,6,1,,,,,,,,,,,,,,,,7,7,7,2,3,2,2,1,1,1,1,1,1,1,1,1,1,4,3,4,2,3,,,,,,,,,,,,,,,,,,Advertising+Counterfactual,CharitableFundraiser
R_3sbNoJHVhnC3iWT,6073cb6d8ec8bc4e5d68eba7,22,1,16,,5,,112,20,187,187,1,2,5,2,2,1,,,,,,,,,,,3,3,2,2,6,,,,,,,,,,,,,,,,,,,,,,,2,2,2,2,2,2,1,1,1,1,1,1,3,3,2,2,1,Charity+Counterfactual,CorporateFundraiser
R_2pKN0bCclMhxKNv,5fb090f5bc045b492643352d,40,2,16,,5,,187,,187,187,2,1,5,1,2,1,,,,,,5,8,5,7,3,,,,,,,,,,,,,,,,,,,,,,,,,,,,2,1,1,1,1,1,1,1,1,1,1,1,4,5,4,7,5,Advertising,CorporateFundraiser
R_2CPsgi9X54xhfHZ,5d9d5debf346240014428500,21,2,16,,4,,187,,187,187,4,3,3,1,3,1,,,,,,8,8,5,3,3,,,,,,,,,,,2,2,2,2,2,2,2,2,2,2,2,2,1,1,1,1,1,,,,,,,,,,,,,,,,,,Advertising,CharitableFundraiser
R_5tDEurgo5zkkwTv,5c74e7e9c3fe130001e86cc8,32,2,16,,5,,187,,187,187,1,2,5,3,5,1,,,,,,,,,,,,,,,,2,3,2,1,4,,,,,,,,,,,,,,,,,,2,2,2,2,1,1,1,1,1,1,1,1,4,3,2,3,2,Advertising+Counterfactual,CorporateFundraiser
R_1CEjqb2r3yQIdA0,,,,,,,,,,,,,,,,,,,,,,,,,,,,,,,,,,,,,,,,,,,,,,,,,,,,,,,,,,,,,,,,,,,,,,,,,
R_W2myEnsV0TAsGs1,5bc913d99427200001dd47f5,71,2,16,,5,,187,,187,187,6,3,6,4,6,1,,,,,,,,,,,8,8,8,5,3,,,,,,,,,,,,,,,,,,,,,,,2,2,2,1,1,1,1,1,1,1,1,1,5,5,6,7,3,Charity+Counterfactual,CorporateFundraiser
R_22JlIgrtqSrVTE7,5e5e11aed2420e129dc155ce,34,2,16,,5,,187,,187,187,2,6,5,2,3,1,,,,,,7,8,5,5,5,,,,,,,,,,,2,1,1,1,1,1,1,1,1,1,1,1,3,3,3,5,5,,,,,,,,,,,,,,,,,,Advertising,CharitableFundraiser
R_Z4qqKJD1upcGsI9,607d032ff575a93bdc070711,44,1,16,,5,,187,,187,187,1,3,6,1,2,1,,,,,,8,9,7,7,2,,,,,,,,,,,2,2,1,1,1,1,1,1,1,1,1,1,7,7,7,8,6,,,,,,,,,,,,,,,,,,Advertising,CharitableFundraiser
R_30tUZjopFMjulJu,5c586f5eee248f00016b7fe7,33,2,41,10,2,,187,,162,162,1,4,7,2,4,1,,,,,,,,,,,5,7,7,6,5,,,,,,1,1,1,1,1,1,1,1,1,1,1,1,5,5,6,6,6,,,,,,,,,,,,,,,,,,Charity+Counterfactual,CharitableFundraiser
R_12Fllg8H9VJZ0w8,5e3b535464b28537ff65eb56,21,1,16,,5,,187,,187,187,4,2,3,1,9,1,,,,,,4,8,3,4,5,,,,,,,,,,,2,2,2,2,2,2,2,2,2,2,2,2,2,2,1,1,1,,,,,,,,,,,,,,,,,,Advertising,CharitableFundraiser
R_1oqb6BwTZaqvRvR,5d10eaf23afd390019075267,25,2,16,,5,,187,,187,187,1,2,6,2,5,1,,,,,,,,,,,,,,,,6,6,6,3,3,,,,,,,,,,,,,,,,,,1,1,1,1,1,1,1,1,1,1,1,1,6,6,6,5,4,Advertising+Counterfactual,CorporateFundraiser
R_3MrFqiYh6ihNUBx,5c79475f54c5d600165fc357,56,2,16,,5,,187,,187,187,2,2,5,1,2,1,4,3,2,2,7,,,,,,,,,,,,,,,,,,,,,,,,,,,,,,,,,2,2,2,1,1,1,1,1,1,1,1,1,8,8,8,8,8,Charity,CorporateFundraiser
R_3pa99Su3Ds0QXYv,608646dfc9e252068db3f6b1,23,2,16,,5,,187,,187,187,3,2,3,1,2,1,,,,,,6,6,4,2,7,,,,,,,,,,,2,2,2,2,2,2,1,1,1,1,1,1,1,1,1,4,3,,,,,,,,,,,,,,,,,,Advertising,CharitableFundraiser
R_3O6yzMIIlagsOM2,5fc1585fa55c1a07e7925ccf,20,1,16,,4,,187,,135,135,4,2,3,3,5,1,,,,,,7,5,5,6,5,,,,,,,,,,,,,,,,,,,,,,,,,,,,2,1,1,1,1,1,1,1,1,1,1,1,5,5,6,4,2,Advertising,CorporateFundraiser
R_3BIrYR5yJsvlMrv,607ce9df61f8f44b9403edfc,33,2,16,,2,,187,,196,196,2,2,5,2,4,1,,,,,,,,,,,7,7,6,6,6,,,,,,,,,,,,,,,,,,,,,,,2,2,2,2,1,1,1,1,1,1,1,1,7,7,7,6,5,Charity+Counterfactual,CorporateFundraiser
R_27yAHLwYfECxEzm,607d6ad963c2b4e855ae2a06,28,2,16,,5,,187,,187,187,1,2,5,2,3,1,,,,,,8,7,5,6,3,,,,,,,,,,,,,,,,,,,,,,,,,,,,1,1,1,1,1,1,1,1,1,1,1,1,8,8,8,7,4,Advertising,CorporateFundraiser
R_2948T5Y1bvUl5rL,5ed4995f8cd1b24656da3c34,25,1,16,,4,,187,,187,187,2,1,2,5,2,1,,,,,,,,,,,,,,,,7,6,4,9,4,,,,,,,,,,,,,,,,,,2,2,1,1,1,1,1,1,1,1,1,1,6,5,7,5,4,Advertising+Counterfactual,CorporateFundraiser
R_3Pn7Ld4FsrDjxEA,606d6b679f8dff315d5f19d6,29,2,16,,3,,187,,187,187,2,4,5,2,2,1,,,,,,4,5,5,5,8,,,,,,,,,,,,,,,,,,,,,,,,,,,,2,2,1,1,1,1,1,1,1,1,1,1,5,5,5,5,5,Advertising,CorporateFundraiser
R_1fmhwRZtdzUKGQI,5f032c6 139 63d0 4d6 9c9 327b ,68,1,16,,5,,187,,65,82,3,3,3,4,6,1,,,,,,8,8,5,5,3,,,,,,,,,,,,,,,,,,,,,,,,,,,,2,1,1,1,1,1,1,1,1,1,1,1,7,8,8,9,5,Advertising,CorporateFundraiser
R_XZWA8llF2fFjlFn,5da94705e3c5970011b6a8a7,36,2,16,,2,,136,30,136,136,1,4,5,4,4,1,,,,,,,,,,,,,,,,8,8,7,4,3,2,2,1,2,2,1,1,1,1,2,2,2,4,7,7,5,7,,,,,,,,,,,,,,,,,,Advertising+Counterfactual,CharitableFundraiser
R_1IL86gV0D0LgYvh,5e11882114ae638303c715d9,39,1,16,,5,,187,,187,187,1,4,6,4,7,1,,,,,,,,,,,,,,,,5,5,4,1,6,2,1,1,1,1,1,1,1,1,1,1,1,5,5,4,7,7,,,,,,,,,,,,,,,,,,Advertising+Counterfactual,CharitableFundraiser
R_3gSE2XujBmjkZyk,5d291c1cfab49d001715e1f7,28,1,16,,5,,187,,187,187,1,4,6,3,4,1,,,,,,5,7,5,4,3,,,,,,,,,,,2,2,2,1,1,1,1,1,1,1,1,1,6,4,3,6,4,,,,,,,,,,,,,,,,,,Advertising,CharitableFundraiser
R_1LLHP0oozW7x68S,5ddf08afcb9dd6e746231429,24,1,16,,5,,187,,187,187,3,3,3,2,3,1,,,,,,5,6,5,7,2,,,,,,,,,,,2,2,2,2,2,2,1,1,1,1,1,1,4,3,4,5,5,,,,,,,,,,,,,,,,,,Advertising,CharitableFundraiser
R_1OYRY8SShAocq1k,578b7f0e900cc80001d2e55f,33,2,16,,5,,187,,187,187,5,1,3,1,2,1,,,,,,,,,,,8,9,6,7,3,,,,,,2,2,1,1,1,1,1,1,1,1,1,1,9,9,9,7,5,,,,,,,,,,,,,,,,,,Charity+Counterfactual,CharitableFundraiser
R_33cYsjuzMhHsQ91,5da926115c6987001535a2da,58,1,16,,5,,187,,187,187,1,4,5,4,6,1,8,8,8,8,2,,,,,,,,,,,,,,,,,,,,,,,,,,,,,,,,,2,2,1,1,1,1,1,1,1,1,1,1,7,7,7,7,7,Charity,CorporateFundraiser
R_QokXaWtNqfhG1eF,6089966ca0a5ed5fa7ab0f0f,37,1,16,,5,,187,,187,187,2,2,2,3,5,1,,,,,,,,,,,3,3,3,2,2,,,,,,1,1,1,1,1,1,1,1,1,1,1,1,4,4,4,4,3,,,,,,,,,,,,,,,,,,Charity+Counterfactual,CharitableFundraiser
R_6FH3tCbzDVg0IeZ,5ba831a5168e5e0001e48ef3,26,2,16,,5,,187,,187,187,1,2,5,1,2,1,,,,,,5,5,5,5,5,,,,,,,,,,,,,,,,,,,,,,,,,,,,2,2,1,1,1,1,1,1,1,1,1,1,5,4,6,6,6,Advertising,CorporateFundraiser
R_3iOnSkHXYcNxjor,5e59f8caeeb2101feb56f310,29,2,16,,3,,65,27,187,187,1,3,3,2,4,1,,,,,,,,,,,,,,,,3,4,5,3,4,,,,,,,,,,,,,,,,,,2,2,2,2,2,2,2,2,2,2,2,2,2,3,2,1,1,Advertising+Counterfactual,CorporateFundraiser
R_2do1MuTDrFCn9e8,6088da0d745479164c275456,27,1,16,,5,,187,,187,187,2,3,5,1,2,1,5,4,2,2,4,,,,,,,,,,,,,,,,,,,,,,,,,,,,,,,,,1,1,1,1,1,1,1,1,1,1,1,1,3,3,2,6,3,Charity,CorporateFundraiser
R_AnY0JIlo0EyMdnb,5c7f6e35ea9ae00014f48533,21,2,16,,5,,187,,187,187,2,1,5,3,5,1,,,,,,2,2,2,3,7,,,,,,,,,,,2,1,1,1,1,2,2,2,2,2,2,2,6,5,5,5,6,,,,,,,,,,,,,,,,,,Advertising,CharitableFundraiser
R_dhTbyNnpZM7PX7X,60529d810c7a238b4ace9725,29,1,16,,5,,187,,187,187,1,1,5,3,5,1,5,5,5,5,5,,,,,,,,,,,,,,,,1,1,1,1,1,1,1,1,1,1,1,1,5,5,5,6,5,,,,,,,,,,,,,,,,,,Charity,CharitableFundraiser
R_CjXJ3ZnNIcCSI0h,6081ca47eeed1bb51c1d7f7b,61,1,16,,5,,187,,187,187,3,3,5,1,2,1,,,,,,8,8,7,5,3,,,,,,,,,,,,,,,,,,,,,,,,,,,,1,1,1,1,2,2,2,2,2,2,2,1,7,6,6,7,6,Advertising,CorporateFundraiser
R_3MxtQlAnHi3jHqP,60455d6f4d8485698694985c,34,1,74,22,2,,192,22,192,192,1,5,5,3,4,1,,,,,,7,7,5,5,5,,,,,,,,,,,,,,,,,,,,,,,,,,,,2,2,1,1,1,1,1,1,1,1,1,1,7,7,7,9,4,Advertising,CorporateFundraiser
R_32JTZ3cpO7gZUl1,5d88e9d13e9a6e0001084e80,32,1,16,,5,,187,,187,187,1,3,5,4,6,1,,,,,,,,,,,5,5,6,5,4,,,,,,2,2,1,1,1,1,1,1,1,1,1,1,4,5,5,6,5,,,,,,,,,,,,,,,,,,Charity+Counterfactual,CharitableFundraiser
R_2cdXOTTaAy39XzF,5f63a85000cc960cd8c64767,49,2,16,,2,,187,,162,162,1,3,5,5,8,1,,,,,,,,,,,7,6,5,1,8,,,,,,2,2,2,2,2,2,2,2,2,2,2,2,8,5,5,1,5,,,,,,,,,,,,,,,,,,Charity+Counterfactual,CharitableFundraiser
R_UlKeQgBo3fyWa4x,5e5aa9938edd03000e4037ce,24,1,16,,4,,187,,54,54,2,2,4,2,6,1,,,,,,7,6,5,3,2,,,,,,,,,,,1,2,1,1,1,1,1,1,1,1,1,1,7,5,7,5,8,,,,,,,,,,,,,,,,,,Advertising,CharitableFundraiser
R_28zXr1XGEAEBqpH,5f8b1c0849eea7208ee49a38,28,1,16,,4,,187,,65,187,1,2,2,1,5,1,,,,,,,,,,,2,2,5,2,8,,,,,,2,2,1,1,1,1,1,1,1,1,1,1,2,2,1,2,1,,,,,,,,,,,,,,,,,,Charity+Counterfactual,CharitableFundraiser
R_vAhbuZLGLwHfyNj,597f662f89542d0001517d78,39,1,16,,5,,187,,187,187,1,3,5,3,5,1,,,,,,,,,,,,,,,,9,8,5,4,2,,,,,,,,,,,,,,,,,,2,1,1,1,1,1,1,1,1,1,1,1,9,9,9,7,5,Advertising+Counterfactual,CorporateFundraiser
R_21cXUoz5uYbKhXi,57318853070de6000d42faee,31,2,16,,5,,187,,187,187,4,3,5,3,4,1,,,,,,7,7,5,5,4,,,,,,,,,,,2,2,2,1,1,1,1,1,1,1,1,1,6,6,7,7,7,,,,,,,,,,,,,,,,,,Advertising,CharitableFundraiser
R_1LFJEgfrJLip0q6,5d29346269a747001acdb205,40,2,16,,5,,187,,187,83,1,5,6,2,2,1,7,8,5,2,3,,,,,,,,,,,,,,,,,,,,,,,,,,,,,,,,,2,2,1,1,1,1,1,1,1,1,1,1,6,2,4,6,6,Charity,CorporateFundraiser
R_R2ASbuix8y6gqNb,6064dcca3097f366e2636d35,25,2,16,,5,,31,7,31,31,4,3,5,2,5,1,,,,,,,,,,,9,9,9,6,1,,,,,,,,,,,,,,,,,,,,,,,2,2,2,1,1,1,1,1,1,1,1,1,4,3,2,2,2,Charity+Counterfactual,CorporateFundraiser
R_3NVDMSgljuL1OjX,5f96301839be85178cb37e0a,49,2,16,,5,,187,,187,187,2,3,6,2,3,1,,,,,,,,,,,,,,,,8,6,5,2,1,,,,,,,,,,,,,,,,,,2,2,1,1,1,1,1,1,1,1,1,1,6,6,6,5,5,Advertising+Counterfactual,CorporateFundraiser
R_30u7TErrYC91Znv,5f700002b73efc5cb6f5b889,30,1,16,,4,,187,,111,111,3,6,2,2,4,1,,,,,,,,,,,,,,,,4,6,5,5,6,,,,,,,,,,,,,,,,,,1,1,1,1,1,1,1,1,1,1,1,1,6,6,7,7,7,Advertising+Counterfactual,CorporateFundraiser
R_0jmr74o4VdaiHJL,5f4ee7ff2c5da213f015a27e,34,2,16,,5,,187,,187,187,5,1,3,3,9,1,,,,,,,,,,,,,,,,1,1,1,1,5,2,2,1,1,1,1,1,1,1,1,1,1,3,3,2,2,6,,,,,,,,,,,,,,,,,,Advertising+Counterfactual,CharitableFundraiser
R_Doajw7skMN4qQCt,5e991aaac7bc1615ea5b3eb8,62,2,16,,5,,187,,187,187,1,3,3,2,2,1,,,,,,,,,,,7,7,7,4,5,,,,,,2,2,2,2,2,2,2,2,2,2,2,2,3,3,3,5,5,,,,,,,,,,,,,,,,,,Charity+Counterfactual,CharitableFundraiser
R_116oWmIf2ro06Np,607d6e88ba2220ce63a75f68,36,2,16,,5,,187,,187,185,1,3,6,1,2,1,,,,,,,,,,,,,,,,5,7,4,6,8,1,1,1,1,1,2,1,1,2,2,1,1,4,6,8,4,5,,,,,,,,,,,,,,,,,,Advertising+Counterfactual,CharitableFundraiser
R_31Ek45XwjXjSE4q,5cc8039e3ef93000171c96b8,34,1,16,,5,,187,,187,187,3,2,5,3,4,1,6,8,6,4,2,,,,,,,,,,,,,,,,2,1,1,1,1,1,1,1,1,1,1,1,7,5,6,6,7,,,,,,,,,,,,,,,,,,Charity,CharitableFundraiser
R_1ZTFac63a6qUqkh,5e2b1d01892dbb038c3f474b,40,2,16,,5,,187,,187,187,4,4,3,3,3,1,3,3,4,4,5,,,,,,,,,,,,,,,,2,2,2,2,2,2,2,2,2,2,2,2,2,4,3,5,5,,,,,,,,,,,,,,,,,,Charity,CharitableFundraiser
R_2qkQ1m5W5ow2Cvv,608d92f58c4da92224504085,56,1,16,,5,,187,,187,187,5,2,3,2,4,1,5,7,5,2,2,,,,,,,,,,,,,,,,2,2,1,1,1,1,1,1,1,1,1,1,7,7,7,7,7,,,,,,,,,,,,,,,,,,Charity,CharitableFundraiser
R_32Qvf0Zqyqe2xDF,607fb8465341fd553409b92b,40,2,16,,5,,187,,187,187,1,2,4,1,2,1,7,7,7,8,2,,,,,,,,,,,,,,,,1,1,1,1,1,1,1,1,1,1,1,1,7,7,5,5,5,,,,,,,,,,,,,,,,,,Charity,CharitableFundraiser
R_2RUIZQuwqcwBe0v,5e7cb12fec4f3d0275df62c4,20,2,16,,5,,187,,187,187,6,3,3,1,3,1,,,,,,,,,,,,,,,,6,7,5,4,3,,,,,,,,,,,,,,,,,,2,2,1,1,1,1,1,1,1,1,1,1,7,6,7,8,6,Advertising+Counterfactual,CorporateFundraiser
R_0kvfUcNFxT6uUSJ,6085e2e8973ab5cf8b35cb28,31,2,16,,5,,187,,187,187,3,2,3,2,4,1,7,6,5,7,5,,,,,,,,,,,,,,,,2,1,1,1,1,1,1,1,1,1,1,1,6,6,6,6,6,,,,,,,,,,,,,,,,,,Charity,CharitableFundraiser
R_1pyhw8TPA5fdgL4,5de7389d3cf2796bf92fb918,33,1,16,,5,,187,,187,187,4,3,2,1,2,1,5,4,3,2,5,,,,,,,,,,,,,,,,1,1,1,1,1,1,1,1,1,1,1,1,5,4,4,6,6,,,,,,,,,,,,,,,,,,Charity,CharitableFundraiser
R_9NwM3CDJUXUkEZb,607ee92df5560785e31c40f2,20,2,16,,5,,187,,187,187,6,6,3,3,5,1,,,,,,8,8,5,6,6,,,,,,,,,,,,,,,,,,,,,,,,,,,,2,2,1,1,1,1,1,1,1,1,1,1,5,5,5,6,5,Advertising,CorporateFundraiser
R_2ztKdqJz8D8oHJs,5fc1b59370c9de1ad16360cf,36,1,16,,5,,187,,187,187,1,2,2,3,9,1,,,,,,,,,,,7,9,7,7,6,,,,,,,,,,,,,,,,,,,,,,,2,1,1,1,1,1,1,1,1,1,1,1,6,6,7,7,5,Charity+Counterfactual,CorporateFundraiser
R_3Dq0c6Bz8g5XG0Q,6078e930f6aa93bf04bba16d,28,1,16,,5,,187,,187,187,1,4,5,2,4,1,,,,,,,,,,,,,,,,6,6,5,5,3,,,,,,,,,,,,,,,,,,2,1,1,1,1,1,1,1,1,1,1,1,7,7,6,7,5,Advertising+Counterfactual,CorporateFundraiser
R_276ULJRTGrwXRSZ,5eea9e2731cc081b726d7251,26,2,16,,5,,187,,187,187,1,2,3,2,4,1,,,,,,,,,,,2,4,3,1,3,,,,,,,,,,,,,,,,,,,,,,,1,1,1,1,1,1,1,1,1,1,1,1,5,5,6,8,6,Charity+Counterfactual,CorporateFundraiser
R_2VvzIZoGQNfgfUz,608da8c4ebf34c3c1dd54f25,36,1,16,,5,,187,,187,187,1,4,5,2,2,1,,,,,,,,,,,,,,,,9,9,5,1,1,2,2,2,2,2,2,2,2,2,2,2,2,4,4,3,3,1,,,,,,,,,,,,,,,,,,Advertising+Counterfactual,CharitableFundraiser
R_2YncnOXaCfMSuxY,58cefdb030c4cf0001ceb3ac,65,2,16,,5,,187,,187,187,5,3,5,2,3,1,3,6,4,3,7,,,,,,,,,,,,,,,,,,,,,,,,,,,,,,,,,2,2,2,2,2,2,2,2,2,2,2,2,2,2,2,2,4,Charity,CorporateFundraiser
R_1ILbb3MYfQSTHiC,5ffff3ac6fc9001772ea3312,29,2,16,,5,,187,,187,187,1,2,3,2,9,1,,,,,,,,,,,9,9,7,7,4,,,,,,,,,,,,,,,,,,,,,,,2,2,1,1,1,1,1,1,1,1,1,1,6,6,7,6,3,Charity+Counterfactual,CorporateFundraiser
R_Td6Y74naP64kWRj,59b1986ac05bb50001eb3a5f,27,1,16,,3,,187,,187,187,1,2,3,4,5,1,,,,,,8,7,7,8,2,,,,,,,,,,,1,1,1,1,1,1,1,1,1,1,1,1,7,8,9,7,7,,,,,,,,,,,,,,,,,,Advertising,CharitableFundraiser
R_2U448fgHazcU6Yo,5f025a4eb69f9e3ece18457c,20,1,16,,5,,187,,187,187,4,4,3,5,7,1,,,,,,,,,,,,,,,,5,5,5,4,2,,,,,,,,,,,,,,,,,,2,2,1,2,1,2,2,2,1,1,1,1,5,5,5,5,4,Advertising+Counterfactual,CorporateFundraiser
R_1dj0yqg1egvuHae,5fdbc08c51617702db63e681,30,1,16,,5,,187,,187,187,1,3,4,3,5,1,,,,,,,,,,,9,9,9,1,1,,,,,,1,1,1,1,1,1,1,1,1,1,1,1,9,9,9,9,9,,,,,,,,,,,,,,,,,,Charity+Counterfactual,CharitableFundraiser
R_2YyA5bsdYR9HLTW,600097ad45506816933b44a4,25,1,16,,5,,187,,187,187,4,4,3,1,2,1,,,,,,,,,,,6,8,5,5,6,,,,,,,,,,,,,,,,,,,,,,,1,2,1,1,1,2,2,2,1,1,1,1,7,5,6,6,4,Charity+Counterfactual,CorporateFundraiser
R_sH8wlqraO2HLhE5,5dcf34f64fee9907fc626f0f,73,2,16,,5,,187,,65,187,3,2,6,2,2,1,,,,,,,,,,,6,7,6,5,4,,,,,,,,,,,,,,,,,,,,,,,2,1,1,1,2,2,2,1,1,1,1,1,7,6,6,7,5,Charity+Counterfactual,CorporateFundraiser
R_2Ey60zYiHk6ubV9,5dc05326c0621a000d3c9e28,24,1,16,,5,,187,,187,187,1,2,5,1,9,1,,,,,,5,5,5,7,3,,,,,,,,,,,1,1,1,1,1,1,1,1,1,1,1,1,7,7,7,8,5,,,,,,,,,,,,,,,,,,Advertising,CharitableFundraiser
R_3qPb7WSQKu6vDZx,5efe29d315ba872fa20a9c3d,24,1,16,,5,,187,,187,187,1,2,6,2,4,1,6,6,4,4,7,,,,,,,,,,,,,,,,,,,,,,,,,,,,,,,,,2,2,2,1,1,1,1,1,1,1,1,1,6,6,4,5,6,Charity,CorporateFundraiser
R_8llsfebfRG4BmTL,———————————————————,22,2,16,,5,,187,,187,187,2,1,3,1,2,1,5,5,4,3,6,,,,,,,,,,,,,,,,2,2,1,1,1,1,1,1,1,1,1,1,5,5,5,5,5,,,,,,,,,,,,,,,,,,Charity,CharitableFundraiser
R_2Vx5waZeui7y9dQ,5adf3828dee8590001b05860,34,1,16,,5,,187,,187,187,1,3,5,3,5,1,,,,,,,,,,,7,7,7,4,2,,,,,,,,,,,,,,,,,,,,,,,2,2,2,2,2,2,2,2,2,2,2,2,3,3,3,3,3,Charity+Counterfactual,CorporateFundraiser
R_3kjL51gSLMgmkDY,5fcbe73d20448520732e0e2e,32,2,16,,6,Asian and Caucasian,187,,86,187,3,3,5,4,6,1,,,,,,,,,,,8,6,5,6,4,,,,,,,,,,,,,,,,,,,,,,,2,2,2,2,2,2,2,2,2,2,2,2,1,1,1,1,1,Charity+Counterfactual,CorporateFundraiser
R_3HtTXE4uKc8Y8I1,5de5dba9ff87c15699804260,64,1,16,,5,,187,,187,187,3,1,3,2,2,1,,,,,,,,,,,7,6,5,2,3,,,,,,,,,,,,,,,,,,,,,,,2,1,1,1,1,1,1,1,1,1,1,1,5,5,7,7,3,Charity+Counterfactual,CorporateFundraiser
R_pzpmHz8QvsoyD4J,5f7b8d1186b828165dae8e5f,57,1,16,,5,,187,,187,187,1,5,8,4,7,1,2,2,1,5,8,,,,,,,,,,,,,,,,,,,,,,,,,,,,,,,,,2,2,2,1,1,1,1,1,1,1,1,1,9,9,8,7,8,Charity,CorporateFundraiser
R_2XdMAMOzx2gAnES,5c5c75d6329ee20001083061,38,1,16,,4,,187,,187,111,1,4,5,3,3,1,,,,,,,,,,,,,,,,5,8,8,5,5,,,,,,,,,,,,,,,,,,1,1,1,1,1,1,1,1,1,1,1,1,5,5,8,8,5,Advertising+Counterfactual,CorporateFundraiser
R_2Cx4emznXShT5Ry,5da4e44b89b88f0011b3221b,46,2,16,,3,,187,,187,187,5,4,4,1,2,1,9,9,9,9,1,,,,,,,,,,,,,,,,2,2,2,2,2,2,2,2,2,2,2,2,1,1,1,1,1,,,,,,,,,,,,,,,,,,Charity,CharitableFundraiser
R_3DeyJhHqDbxpbx2,5bafd1ac51dfa800013107bd,52,1,16,,3,,187,,187,187,5,3,4,4,5,1,6,6,6,4,5,,,,,,,,,,,,,,,,2,2,1,1,1,1,1,1,1,1,1,1,7,7,8,7,8,,,,,,,,,,,,,,,,,,Charity,CharitableFundraiser
R_1N84Yl0MAUPkoHn,60844d6d15f84b5ec05e39d3,36,1,16,,4,,187,,187,187,1,4,7,2,2,1,,,,,,,,,,,,,,,,5,6,5,3,1,2,2,1,1,1,1,1,1,1,1,1,1,5,3,2,4,5,,,,,,,,,,,,,,,,,,Advertising+Counterfactual,CharitableFundraiser
R_25QT8NlV7NSNGmG,601caaeb332e2d822171fbb7,37,1,16,,5,,187,,187,187,1,3,6,2,2,1,,,,,,5,5,5,4,5,,,,,,,,,,,,,,,,,,,,,,,,,,,,2,2,2,2,2,2,2,2,2,2,2,2,4,4,4,4,5,Advertising,CorporateFundraiser
R_9ubKv4HcSXSrHl7,5cfdd7d53ca1bb00011030d4,29,2,16,,5,,187,,187,187,1,3,5,2,4,1,,,,,,,,,,,,,,,,5,5,5,5,3,2,2,2,2,2,2,2,2,2,2,2,1,5,5,4,4,4,,,,,,,,,,,,,,,,,,Advertising+Counterfactual,CharitableFundraiser
R_1IaezJrqPRUE5S2,5dfc64647adf4b971f329cbf,34,1,16,,4,,187,,7,187,2,1,3,3,5,1,,,,,,8,9,6,3,7,,,,,,,,,,,,,,,,,,,,,,,,,,,,2,1,1,1,1,1,1,1,1,1,1,1,8,5,5,8,7,Advertising,CorporateFundraiser
R_3hg8be8QGaUlY1i,5e27868c5cbbcc0b3599574b,30,1,16,,5,,187,,187,187,1,4,8,1,2,1,,,,,,,,,,,,,,,,5,5,5,5,5,,,,,,,,,,,,,,,,,,1,1,1,1,1,1,1,1,1,1,1,1,5,5,5,5,5,Advertising+Counterfactual,CorporateFundraiser
R_22ysEq4l4ujXchr,5befb6e27c387400016983bf,34,1,16,,5,,187,,187,187,1,3,5,4,7,1,,,,,,,,,,,7,8,6,3,6,,,,,,2,2,1,1,1,1,1,1,1,1,1,1,4,4,4,7,6,,,,,,,,,,,,,,,,,,Charity+Counterfactual,CharitableFundraiser
R_2PzmPIW3FYQuWHI,606cecc5499945dee47d816b,26,1,16,,5,,187,,187,187,1,3,4,5,9,1,,,,,,9,9,7,3,7,,,,,,,,,,,,,,,,,,,,,,,,,,,,2,1,1,1,1,1,1,1,1,1,1,1,8,8,8,9,5,Advertising,CorporateFundraiser
R_1Qz5kgWdgQQoI7j,5e1038bc6e4db674b3df4b76,27,2,16,,5,,187,,187,187,2,1,5,2,3,1,,,,,,8,7,7,7,3,,,,,,,,,,,2,1,1,1,1,1,1,1,1,1,1,1,6,5,7,3,3,,,,,,,,,,,,,,,,,,Advertising,CharitableFundraiser
R_1NejWnpmCkprXUk,58d7d2c2e9b6dc000129148a,25,1,16,,5,,187,,187,187,5,1,1,2,3,1,,,,,,,,,,,,,,,,3,4,3,1,3,2,2,1,1,1,1,1,1,1,1,1,1,4,5,3,4,4,,,,,,,,,,,,,,,,,,Advertising+Counterfactual,CharitableFundraiser
R_1FyQN6mnMB4TUsv,5d1618630b1f87001715eca7,25,2,16,,5,,187,,187,187,6,1,3,3,5,1,,,,,,,,,,,,,,,,5,5,5,2,2,,,,,,,,,,,,,,,,,,2,2,1,1,1,1,1,1,1,1,1,1,7,9,8,7,5,Advertising+Counterfactual,CorporateFundraiser
R_1MRNooqksxdlrAs,5aef2b753c80f200013af9f4,26,1,16,,5,,187,,187,187,1,2,3,1,2,1,5,7,3,3,8,,,,,,,,,,,,,,,,2,2,1,1,1,1,1,1,1,1,1,1,3,3,1,3,3,,,,,,,,,,,,,,,,,,Charity,CharitableFundraiser
R_1puuBwKWXrbLzcz,607c8825bab1ad87c0ba2a00,26,1,16,,5,,187,,187,187,1,2,5,4,5,1,,,,,,8,8,7,8,3,,,,,,,,,,,,,,,,,,,,,,,,,,,,1,1,1,1,1,1,1,1,1,1,1,1,8,8,8,8,8,Advertising,CorporateFundraiser
R_3peSmneJy5at7Mp,607a2af61857b6298a1ca4a7,35,1,16,,4,,187,,187,187,1,5,5,1,5,1,4,3,2,1,8,,,,,,,,,,,,,,,,2,2,1,1,1,1,1,1,1,1,1,1,3,2,7,2,1,,,,,,,,,,,,,,,,,,Charity,CharitableFundraiser
R_22YvRkgK6mli0fS,58a202ac66e4640001c52bfd,51,1,16,,4,,187,,7,7,1,4,5,3,5,1,,,,,,8,8,6,5,2,,,,,,,,,,,2,2,1,1,1,1,1,1,1,1,1,1,7,7,7,7,6,,,,,,,,,,,,,,,,,,Advertising,CharitableFundraiser
R_vc3ZRJ8I2qCbl7z,5f6be7056ec0431594b8b325,24,1,16,,5,,187,,187,187,2,3,5,3,5,1,3,2,2,1,9,,,,,,,,,,,,,,,,,,,,,,,,,,,,,,,,,2,2,1,1,1,1,1,1,1,1,1,1,7,5,7,7,6,Charity,CorporateFundraiser
R_3RyHpXqq7zwB6lr,5a8895f0f1408d0001769b7b,23,2,16,,4,,187,,111,111,4,2,5,1,2,1,,,,,,,,,,,8,6,5,3,8,,,,,,,,,,,,,,,,,,,,,,,2,1,1,1,1,1,1,1,1,1,1,1,3,2,4,2,1,Charity+Counterfactual,CorporateFundraiser
R_OiNAL9ixGJ1e9ON,5e9a2251a69f690b9cc31ede,32,2,16,,4,,187,,187,187,1,4,3,1,3,1,,,,,,,,,,,5,5,5,5,8,,,,,,,,,,,,,,,,,,,,,,,1,1,1,1,1,1,1,1,1,1,1,1,6,5,4,4,4,Charity+Counterfactual,CorporateFundraiser
R_24kFA8fh8H70dj2,6089f9395df63122851cd89c,32,1,16,,5,,187,,187,187,1,2,5,2,2,1,,,,,,7,8,6,4,2,,,,,,,,,,,2,2,1,1,1,1,1,1,1,1,1,1,8,8,7,7,7,,,,,,,,,,,,,,,,,,Advertising,CharitableFundraiser
R_32OWXhKOjcHhPSN,5fbdde99e3096b24351dc1cb,23,1,16,,5,,187,,187,187,1,3,5,2,2,1,6,9,7,5,7,,,,,,,,,,,,,,,,2,1,1,1,1,1,1,1,1,1,1,1,9,9,9,9,9,,,,,,,,,,,,,,,,,,Charity,CharitableFundraiser
R_2rOXUTUUmAuTugX,5910a67f5a530d00011f9561,52,2,16,,5,,187,,187,187,5,1,3,3,5,1,,,,,,,,,,,6,8,8,8,3,,,,,,1,1,1,1,1,1,1,1,1,1,1,1,6,6,5,5,5,,,,,,,,,,,,,,,,,,Charity+Counterfactual,CharitableFundraiser
R_3lzCHPTpuU3iaw2,5e154952c76aa6b40619b1d3,30,2,16,,5,,187,,187,187,6,1,5,1,2,1,5,5,4,2,6,,,,,,,,,,,,,,,,,,,,,,,,,,,,,,,,,2,1,1,1,1,1,1,1,1,1,1,1,8,7,7,5,3,Charity,CorporateFundraiser
R_2w6IY3ocnS6RaXC,5cab69f77ea4a700019a87dc,59,2,16,,4,,187,,124,187,3,2,3,2,2,7,,,,,,,,,,,4,4,3,2,7,,,,,,,,,,,,,,,,,,,,,,,2,2,2,2,2,2,2,2,2,2,2,1,4,3,4,5,3,Charity+Counterfactual,CorporateFundraiser
R_1g7Vl4UiX2BlQLv,5fd2c24806a84e0d979fac98,26,1,16,,4,,187,,187,187,4,1,4,3,5,1,,,,,,,,,,,,,,,,5,8,5,3,3,,,,,,,,,,,,,,,,,,2,2,2,2,2,2,2,2,2,2,2,2,2,2,1,2,1,Advertising+Counterfactual,CorporateFundraiser
R_1LpMsm2VQiu43WU,5f72bc2e12db6e205a9b7bfe,61,1,16,,5,,187,,187,187,3,6,5,3,5,1,,,,,,9,6,5,8,1,,,,,,,,,,,,,,,,,,,,,,,,,,,,2,2,1,1,1,1,1,1,1,1,1,1,9,5,9,8,5,Advertising,CorporateFundraiser
R_5AUFegP9SobfGiR,60637f98e34f7093b0db07ef,35,1,16,,5,,187,,187,187,1,3,8,2,3,1,,,,,,,,,,,,,,,,7,5,7,7,1,,,,,,,,,,,,,,,,,,2,2,1,1,1,1,1,1,1,1,1,1,9,9,9,9,9,Advertising+Counterfactual,CorporateFundraiser
R_3HYR3gTrFGUZDt9,5f16f559325a640008bb9a07,34,1,16,,5,,187,,187,187,1,3,5,1,2,1,,,,,,,,,,,7,7,5,4,5,,,,,,2,1,1,2,2,1,1,1,1,1,1,1,6,6,5,7,5,,,,,,,,,,,,,,,,,,Charity+Counterfactual,CharitableFundraiser
R_2787GyRSadaIytl,6077cb38de8f5c783d413450,47,1,16,,5,,187,,187,187,1,3,3,2,3,1,,,,,,,,,,,,,,,,5,4,4,2,5,,,,,,,,,,,,,,,,,,2,2,1,1,1,1,1,1,1,1,1,1,7,7,7,6,7,Advertising+Counterfactual,CorporateFundraiser
R_24vXxrX5IVtritK,5f7f8c5995690d14b8e136bb,20,1,16,,2,,187,,52,136,4,1,2,3,5,1,,,,,,7,8,7,5,3,,,,,,,,,,,1,1,1,1,2,1,1,1,1,1,1,1,6,7,7,8,7,,,,,,,,,,,,,,,,,,Advertising,CharitableFundraiser
R_2rATbBUDgsTGmuN,6036e1282a1b33bfae3176f1,22,1,16,,5,,187,,187,187,2,1,3,2,3,1,,,,,,8,6,5,4,2,,,,,,,,,,,,,,,,,,,,,,,,,,,,1,1,1,1,1,1,1,1,1,1,1,1,6,5,7,5,5,Advertising,CorporateFundraiser
R_2xLhyJRcEdJFA9C,5dd324424524e7334967690d,34,2,16,,5,,187,,187,187,1,2,6,1,2,1,,,,,,5,8,5,5,5,,,,,,,,,,,,,,,,,,,,,,,,,,,,2,2,2,1,1,1,1,1,1,1,1,1,7,7,5,7,7,Advertising,CorporateFundraiser
R_tVP7PWDHtlaFDKV,598c9125cceb0f0001b39697,60,1,16,,5,,187,,187,187,4,2,5,2,5,1,5,5,5,3,5,,,,,,,,,,,,,,,,2,2,2,2,2,2,2,2,1,1,2,1,5,4,4,5,4,,,,,,,,,,,,,,,,,,Charity,CharitableFundraiser
R_2dzLg5wR4pGNSA6,607f7f18d84d010ea2cd8664,21,2,16,,3,,187,,31,187,1,3,2,3,5,1,1,1,1,1,1,,,,,,,,,,,,,,,,,,,,,,,,,,,,,,,,,2,2,1,1,1,1,1,1,1,1,1,1,5,5,5,6,5,Charity,CorporateFundraiser
R_2yf5UZb35slI3kH,607f56029f85d5ef811ff904,34,2,16,,5,,187,,187,187,2,4,3,3,5,1,,,,,,7,7,5,5,2,,,,,,,,,,,,,,,,,,,,,,,,,,,,2,2,1,1,1,1,1,1,1,1,1,1,7,7,7,7,5,Advertising,CorporateFundraiser
R_2VsHcuLSsZPHWjX,5a04869ff2e3460001edad2e,30,1,16,,5,,187,,187,187,2,3,2,4,5,1,5,6,5,4,5,,,,,,,,,,,,,,,,,,,,,,,,,,,,,,,,,1,1,1,1,1,1,1,1,1,1,1,1,4,5,5,6,5,Charity,CorporateFundraiser
R_3efu9EcLsPOEsHY,5bc9ff771760a8000115b8f7,52,2,16,,5,,187,,187,187,5,2,2,2,3,1,,,,,,,,,,,,,,,,4,3,4,4,3,,,,,,,,,,,,,,,,,,1,1,2,1,1,2,2,1,1,1,1,1,2,2,2,3,2,Advertising+Counterfactual,CorporateFundraiser
R_3kwiAjn0RLsghgF,5ef54b31234db61ac1c7fdb0,40,1,16,,5,,187,,187,187,5,1,3,2,2,1,,,,,,,,,,,9,9,8,9,2,,,,,,2,2,1,1,1,1,1,1,1,1,1,1,6,6,7,8,7,,,,,,,,,,,,,,,,,,Charity+Counterfactual,CharitableFundraiser
R_2viuZhP1Rg5C0cZ,5c797d0cb5254b001690625d,54,1,16,,5,,187,,187,187,4,1,3,2,4,1,,,,,,9,9,5,8,1,,,,,,,,,,,2,1,1,1,1,1,1,1,1,1,1,1,8,8,8,6,7,,,,,,,,,,,,,,,,,,Advertising,CharitableFundraiser
R_1kOMvUkMkgyI4Fm,5761c23632676f0007eb36b3,31,1,16,,5,,187,,187,187,3,1,5,5,8,1,,,,,,,,,,,,,,,,7,7,5,5,3,,,,,,,,,,,,,,,,,,2,1,1,1,1,1,1,1,1,1,1,1,7,7,7,7,5,Advertising+Counterfactual,CorporateFundraiser
R_4YqevPuDPzSXWJX,5bdf513338109a0001f474c8,56,1,16,,5,,187,,48,187,1,3,4,2,4,1,,,,,,,,,,,,,,,,8,5,5,1,3,1,1,2,2,1,1,2,2,1,2,1,2,7,6,5,6,7,,,,,,,,,,,,,,,,,,Advertising+Counterfactual,CharitableFundraiser
R_3PNsR0WYtmjAtDs,5f1c72e25a26d503c77bfdc9,40,1,16,,5,,187,,187,187,1,3,5,4,5,1,,,,,,9,9,5,9,1,,,,,,,,,,,,,,,,,,,,,,,,,,,,2,1,1,1,1,1,1,1,1,1,1,1,9,9,9,9,4,Advertising,CorporateFundraiser
R_3ekoBfpTX0wlZxg,607de1d7c7cc25b639f63026,36,2,16,,5,,187,,187,187,4,3,4,4,6,1,,,,,,8,8,3,8,1,,,,,,,,,,,2,2,1,1,1,1,1,1,1,1,1,1,8,8,8,8,8,,,,,,,,,,,,,,,,,,Advertising,CharitableFundraiser
R_1dM33FjwGzGffUY,5c105aa011fe9a00013cd27b,30,1,16,,5,,187,,187,187,4,1,5,2,4,1,4,5,5,2,5,,,,,,,,,,,,,,,,,,,,,,,,,,,,,,,,,2,1,1,1,1,1,1,1,1,1,1,1,7,6,8,4,3,Charity,CorporateFundraiser
R_1FyuW4Qj6XgWamB,5f53dead05affe7282b9d1e5,25,1,16,,3,,187,,187,187,4,2,5,3,4,1,,,,,,6,5,5,5,5,,,,,,,,,,,2,2,2,2,2,2,2,2,2,1,1,1,4,4,5,5,5,,,,,,,,,,,,,,,,,,Advertising,CharitableFundraiser
R_1eY6RmQP2yVFu8X,5dd405ab80123f3eaae9af80,61,2,16,,5,,187,,187,187,5,4,6,1,9,1,9,9,5,5,5,,,,,,,,,,,,,,,,2,1,1,1,1,1,1,1,1,1,1,1,9,9,9,5,9,,,,,,,,,,,,,,,,,,Charity,CharitableFundraiser
R_2pWYqq5RkdVeIiY,5ec98331d8456c0cac798d86,27,2,16,,5,,187,,187,187,3,1,2,2,5,1,9,9,9,9,1,,,,,,,,,,,,,,,,2,2,2,2,2,1,1,1,1,1,1,1,7,4,2,9,5,,,,,,,,,,,,,,,,,,Charity,CharitableFundraiser
R_2eX2SdJ2w30KAaA,5dea0fb3389fde12b2520508,56,2,16,,5,,187,,187,187,1,4,8,2,2,1,8,8,4,7,4,,,,,,,,,,,,,,,,,,,,,,,,,,,,,,,,,1,1,1,1,1,1,1,1,1,1,1,1,8,8,8,8,6,Charity,CorporateFundraiser
R_1FFB05cEwplDYbN,601ef852d1b8f23d0d9a3599,27,2,16,,5,,187,,187,187,1,3,3,3,4,1,,,,,,,,,,,,,,,,9,7,8,7,2,,,,,,,,,,,,,,,,,,1,1,1,1,1,1,2,2,2,2,2,2,5,5,4,4,3,Advertising+Counterfactual,CorporateFundraiser
R_29tzkdMsG5Mznfe,5df1822669a11709f1421d2e,62,2,16,,5,,187,,187,187,5,2,6,4,7,1,,,,,,9,8,8,6,2,,,,,,,,,,,2,2,1,1,1,1,1,1,1,1,1,1,2,2,1,3,3,,,,,,,,,,,,,,,,,,Advertising,CharitableFundraiser
R_2QgGNKhjxhB2xjo,607adde86872360e1d814dbc,36,1,16,,5,,187,,187,187,1,6,5,2,4,1,,,,,,,,,,,,,,,,7,6,4,2,5,2,2,1,1,1,1,1,1,1,1,1,1,5,5,5,4,5,,,,,,,,,,,,,,,,,,Advertising+Counterfactual,CharitableFundraiser
R_1CfMwSWgzPPPYlN,6080e85b6d66c4dc68bcb82f,22,1,16,,5,,187,,187,187,4,2,5,3,4,1,,,,,,5,5,5,3,6,,,,,,,,,,,1,1,1,1,1,1,1,1,1,1,1,1,6,5,6,6,7,,,,,,,,,,,,,,,,,,Advertising,CharitableFundraiser
R_2teU5DHnNmNdfGU,5ce1c42ca80ce0001a4aeb82,54,1,16,,5,,187,,187,187,1,3,5,5,7,1,,,,,,,,,,,9,9,9,7,1,,,,,,2,2,1,1,1,1,1,1,1,1,1,1,8,9,8,7,8,,,,,,,,,,,,,,,,,,Charity+Counterfactual,CharitableFundraiser
R_210vfXGlItbGORn,5fc838109e99f3178d83db35,54,1,16,,5,,187,,187,187,4,3,2,4,5,1,,,,,,,,,,,,,,,,7,7,6,2,2,2,2,1,1,1,1,1,1,1,1,1,1,2,3,7,7,7,,,,,,,,,,,,,,,,,,Advertising+Counterfactual,CharitableFundraiser
R_1pSdZ9u2pGbYjJZ,5f6666e43be0b923d23c8df8,62,2,16,,5,,187,,187,187,1,3,4,1,2,1,,,,,,,,,,,,,,,,7,7,7,1,1,,,,,,,,,,,,,,,,,,2,2,1,1,1,1,1,1,1,1,1,1,4,4,3,3,4,Advertising+Counterfactual,CorporateFundraiser
R_1jBcrYAtP3qRr2s,5f8f47710fba4518d5b46a59,44,1,16,,5,,187,,187,187,4,2,7,2,3,2,,,,,,7,7,7,7,2,,,,,,,,,,,,,,,,,,,,,,,,,,,,2,2,2,2,2,2,2,2,2,2,2,2,2,5,5,5,4,Advertising,CorporateFundraiser
R_3L5RgdMl6HitJHV,5b53fe4cc09af90001f11e1b,33,2,16,,5,,187,,187,187,1,3,7,2,2,1,7,8,6,8,3,,,,,,,,,,,,,,,,,,,,,,,,,,,,,,,,,2,1,1,1,1,1,1,1,1,1,1,1,8,7,8,9,8,Charity,CorporateFundraiser
R_cI6wWM1wsZ2DYhr,5ee6f91291a7f3467cd37704,58,1,16,,5,,187,,187,187,1,4,5,1,2,1,,,,,,9,5,5,5,1,,,,,,,,,,,2,2,1,1,1,1,1,1,1,1,1,1,8,8,8,9,8,,,,,,,,,,,,,,,,,,Advertising,CharitableFundraiser
R_33DUy8UstxjuVlf,5e29d24605043a02e9043472,43,2,16,,5,,187,,187,187,1,4,5,4,7,1,8,9,8,9,1,,,,,,,,,,,,,,,,2,2,1,1,1,1,1,1,1,1,1,1,6,4,5,7,4,,,,,,,,,,,,,,,,,,Charity,CharitableFundraiser
R_AzKdUb5DpcqreSt,5b954f10754b700001f06bf0,45,2,16,,6,"Black, white",187,,187,187,4,1,8,2,3,1,,,,,,,,,,,7,7,5,5,5,,,,,,,,,,,,,,,,,,,,,,,1,1,1,1,1,1,1,1,1,1,1,1,7,7,8,8,7,Charity+Counterfactual,CorporateFundraiser
R_1HhndJJSCGI1Lbr,5e9409cd1dabe7246810c3b6,53,2,16,,3,,187,,187,187,1,2,3,3,4,1,3,3,1,2,2,,,,,,,,,,,,,,,,2,2,1,1,2,1,1,1,1,1,1,1,1,1,1,1,1,,,,,,,,,,,,,,,,,,Charity,CharitableFundraiser
R_12gtfhNNzclaCgE,606f9bca353fc36aba9ccb8b,28,1,16,,5,,187,,187,187,1,3,2,4,8,1,9,9,9,9,2,,,,,,,,,,,,,,,,2,2,1,1,1,1,1,1,1,1,1,1,9,9,7,9,9,,,,,,,,,,,,,,,,,,Charity,CharitableFundraiser
R_2WSh3FR6TgVrDi1,5dc4e36b9db53c38f9c4d208,50,2,66,48,3,,89,24,89,89,1,3,6,1,2,1,5,5,3,5,7,,,,,,,,,,,,,,,,,,,,,,,,,,,,,,,,,1,1,1,1,1,1,1,1,1,1,1,1,9,9,9,9,9,Charity,CorporateFundraiser
R_a45zuSbZuhPCgdH,5d100e740277ff00152f7562,44,2,16,,5,,187,,187,187,3,2,3,3,5,1,,,,,,8,8,4,5,2,,,,,,,,,,,2,2,2,2,2,2,2,2,2,2,2,2,1,1,1,1,1,,,,,,,,,,,,,,,,,,Advertising,CharitableFundraiser
R_YXPRXlAPv1DsT7P,5e14d563c4e155ae93907ae1,45,1,16,,5,,187,,67,187,3,3,6,3,5,1,,,,,,5,7,5,2,4,,,,,,,,,,,,,,,,,,,,,,,,,,,,2,1,1,1,1,1,1,1,1,1,1,1,8,6,8,7,7,Advertising,CorporateFundraiser
R_sk8Q67sH3q1Eu8V,5f82567f1e720a3842580d23,60,1,16,,5,,187,,187,187,1,3,5,4,8,1,,,,,,9,9,9,5,1,,,,,,,,,,,,,,,,,,,,,,,,,,,,2,2,2,1,1,1,1,1,1,1,1,1,7,7,8,9,7,Advertising,CorporateFundraiser
R_3O6L3Jdgk5FgK6U,6088bbdfb20105b37591e6e8,24,1,16,,4,,187,,43,43,4,3,5,1,2,1,,,,,,5,5,5,5,5,,,,,,,,,,,,,,,,,,,,,,,,,,,,1,1,1,1,1,1,1,1,1,1,1,1,5,5,5,5,5,Advertising,CorporateFundraiser
R_1rf9vw7FHwOF4Fg,5b6a87d2cda8590001db8e07,40,2,16,,2,,187,,136,136,4,2,5,1,2,1,,,,,,,,,,,,,,,,6,6,5,2,3,2,2,2,2,2,2,2,2,2,2,2,2,5,4,4,3,4,,,,,,,,,,,,,,,,,,Advertising+Counterfactual,CharitableFundraiser
R_1QMeKs2u9bzkvpk,5ef1a03726ae307af5d77baf,23,1,16,,5,,187,,187,187,3,2,3,5,5,1,,,,,,,,,,,6,7,5,6,4,,,,,,2,2,2,2,2,2,2,2,2,2,2,2,3,3,3,4,2,,,,,,,,,,,,,,,,,,Charity+Counterfactual,CharitableFundraiser
R_1LjpnhxdhKN6TbA,60284b049e884437b220b172,42,2,16,,5,,187,,187,187,2,1,4,4,8,1,,,,,,,,,,,6,7,5,5,4,,,,,,2,2,1,1,1,1,1,1,1,1,1,1,6,5,5,6,6,,,,,,,,,,,,,,,,,,Charity+Counterfactual,CharitableFundraiser
R_vNTPLq2BUIPYWSB,5fd6d50baea2f263e38486e7,56,1,16,,5,,187,,187,187,1,3,5,5,8,1,,,,,,,,,,,,,,,,9,9,8,4,1,1,1,1,1,1,1,1,1,1,1,1,1,9,9,9,9,8,,,,,,,,,,,,,,,,,,Advertising+Counterfactual,CharitableFundraiser
R_8AZ3X4TL6cL9Lr3,5d93bb61ff8ff0001928ef24,48,1,16,,5,,187,,187,187,1,3,6,4,6,1,,,,,,,,,,,,,,,,5,4,6,2,2,,,,,,,,,,,,,,,,,,1,1,1,1,1,1,1,1,1,1,1,1,5,6,8,6,4,Advertising+Counterfactual,CorporateFundraiser
R_3h5zCsQ6catczWZ,6029f5fc7057064130c8c485,28,1,16,,3,,187,,187,187,1,4,5,4,6,1,,,,,,,,,,,,,,,,5,4,5,5,7,,,,,,,,,,,,,,,,,,1,1,1,1,1,1,1,1,1,1,1,1,7,7,8,7,6,Advertising+Counterfactual,CorporateFundraiser
R_VKdXUaEYLEzkrE5,60817d412b0e2ed282b6c43f,31,2,16,,5,,187,,61,187,1,3,6,2,3,1,3,5,3,7,5,,,,,,,,,,,,,,,,2,1,1,1,1,1,2,2,2,1,1,1,7,5,3,4,5,,,,,,,,,,,,,,,,,,Charity,CharitableFundraiser
R_yX7IotRttYooOnn,5dd55364dcec8750a2efc32b,37,2,16,,5,,187,,187,187,3,4,5,2,3,1,,,,,,,,,,,8,8,8,7,2,,,,,,,,,,,,,,,,,,,,,,,2,1,1,1,1,1,1,1,1,1,1,1,7,8,8,8,6,Charity+Counterfactual,CorporateFundraiser
R_2pVTjKWa6EXFfN3,5edc0720ec975e0dc6385210,39,2,16,,5,,187,,187,187,2,3,6,4,7,1,,,,,,,,,,,,,,,,6,6,6,5,3,,,,,,,,,,,,,,,,,,2,2,2,2,2,2,2,2,2,2,2,2,4,4,3,5,3,Advertising+Counterfactual,CorporateFundraiser
R_3smpOBxN24mVMH6,5ece80628bfd2423f21f4299,43,1,16,,5,,187,,187,187,4,2,4,3,3,1,,,,,,,,,,,,,,,,5,5,5,3,5,2,2,1,1,1,1,1,1,1,1,1,1,4,4,4,6,5,,,,,,,,,,,,,,,,,,Advertising+Counterfactual,CharitableFundraiser
R_3QF8brqaSGO4WpG,607d8d87cda66ac1ec2b0efe,30,1,16,,6,Middle Eastern,31,27,80,80,4,1,2,2,2,1,,,,,,,,,,,,,,,,5,5,5,3,5,,,,,,,,,,,,,,,,,,2,2,1,1,1,1,1,1,1,1,1,1,5,5,5,7,3,Advertising+Counterfactual,CorporateFundraiser
R_20MS40gRNjOmEEn,607cc2e23533c45a7f168538,41,1,16,,4,,187,,187,35,3,4,4,6,5,1,,,,,,,,,,,,,,,,9,9,9,4,1,2,2,1,1,1,1,1,1,1,1,1,1,9,9,9,9,9,,,,,,,,,,,,,,,,,,Advertising+Counterfactual,CharitableFundraiser
R_1kFbW7ywbzTyBo2,6081e02d038adef29a5a2ea3,31,2,16,,5,,187,,187,187,2,2,4,2,3,1,,,,,,5,8,5,3,4,,,,,,,,,,,2,2,1,1,1,1,1,1,1,1,1,1,9,7,7,4,5,,,,,,,,,,,,,,,,,,Advertising,CharitableFundraiser
R_ZxbGCfsp0QKfTSp,5d61b08dc1cfe8001740f405,42,1,16,,5,,187,,187,67,3,2,5,3,5,1,,,,,,,,,,,,,,,,7,8,7,4,2,2,2,1,1,1,1,1,1,1,1,1,1,7,7,7,8,8,,,,,,,,,,,,,,,,,,Advertising+Counterfactual,CharitableFundraiser
R_3O1ARFyyuBkk1Oj,5a9493ce873cda0001dc6dfb,30,2,16,,5,,187,,187,187,4,4,5,4,7,1,,,,,,,,,,,,,,,,4,4,4,5,6,1,1,1,1,1,1,1,1,1,1,1,1,7,7,7,7,7,,,,,,,,,,,,,,,,,,Advertising+Counterfactual,CharitableFundraiser
R_3NOOCdK2obNMN7S,5ffba3f6b98ea20c5e408395,51,2,16,,5,,187,,187,187,1,2,5,4,8,1,,,,,,,,,,,,,,,,8,8,5,5,5,2,2,1,1,1,1,1,1,1,1,1,1,5,5,5,5,5,,,,,,,,,,,,,,,,,,Advertising+Counterfactual,CharitableFundraiser
R_25Nm8d38SsnkQnC,5bbf0fbb303fef00014ab926,36,2,16,,5,,187,,187,187,2,1,4,4,7,1,,,,,,8,8,5,6,3,,,,,,,,,,,,,,,,,,,,,,,,,,,,2,2,2,2,2,1,1,1,1,1,1,1,6,5,7,7,5,Advertising,CorporateFundraiser
R_2QLFzEAQDjiivyb,604b682a8b6ed9694d8e48aa,23,1,16,,3,,187,,187,187,4,2,5,3,9,1,,,,,,,,,,,,,,,,5,5,5,1,3,2,2,2,1,1,1,1,1,1,1,1,1,2,1,2,7,5,,,,,,,,,,,,,,,,,,Advertising+Counterfactual,CharitableFundraiser
R_YajiX0Aqjo9K9Pj,55b9a9b0fdf99b6906d2aba4,65,1,16,,5,,187,,187,187,5,1,3,4,7,1,,,,,,,,,,,,,,,,3,3,3,1,9,2,2,1,1,1,1,1,1,1,1,1,1,8,8,2,8,8,,,,,,,,,,,,,,,,,,Advertising+Counterfactual,CharitableFundraiser
R_2AWQ2n8WQmgyPGE,5dd4070a57a7e13efe25534a,57,2,16,,5,,187,,187,142,4,5,6,1,2,1,7,8,5,4,5,,,,,,,,,,,,,,,,,,,,,,,,,,,,,,,,,2,2,1,1,1,1,1,1,1,1,1,1,4,2,3,7,1,Charity,CorporateFundraiser
R_3gUCDSfpvXIZr3M,5febb30450a719c947d89794,20,1,16,,5,,187,,187,187,6,3,3,3,5,1,,,,,,,,,,,5,6,6,8,2,,,,,,,,,,,,,,,,,,,,,,,2,2,1,1,1,1,1,1,1,1,1,1,8,8,8,8,8,Charity+Counterfactual,CorporateFundraiser
R_RzwJh8tXgoUVlkd,5f579c21b72358266820ff5d,29,2,16,,5,,187,,187,187,1,4,5,5,8,1,,,,,,9,9,7,1,1,,,,,,,,,,,2,2,2,2,2,2,2,2,2,2,2,2,3,3,3,1,4,,,,,,,,,,,,,,,,,,Advertising,CharitableFundraiser
R_1eV3MBiHuCWAREJ,603f01ce8512c2080adfbe7a,49,1,16,,5,,187,,187,187,1,3,2,2,3,1,,,,,,,,,,,,,,,,5,4,4,6,5,2,2,2,1,1,1,1,1,1,1,1,1,5,6,4,5,4,,,,,,,,,,,,,,,,,,Advertising+Counterfactual,CharitableFundraiser
R_z1NwlTqSEQqT7c5,5ea120ed66031912aea618ae,47,1,16,,5,,187,,187,187,3,1,5,4,6,1,,,,,,6,7,6,5,3,,,,,,,,,,,,,,,,,,,,,,,,,,,,2,1,1,1,1,1,1,1,1,1,1,1,7,7,6,7,6,Advertising,CorporateFundraiser
R_3dWwSD9K12D4o2j,5C817D90Fae0130015Ce9Bda ,55,2,16,,5,,187,,187,187,4,3,5,3,5,1,3,2,5,1,5,,,,,,,,,,,,,,,,2,2,2,2,2,1,1,1,1,1,1,1,3,3,3,5,3,,,,,,,,,,,,,,,,,,Charity,CharitableFundraiser
R_3zc1Yiaw22pgQSZ,5a5ec648eedc32000142ce86,51,2,16,,5,,187,,187,187,5,3,3,4,7,,,,,,,,,,,,9,9,9,8,2,,,,,,,,,,,,,,,,,,,,,,,2,1,1,1,1,1,1,1,1,1,1,1,8,8,8,7,7,Charity+Counterfactual,CorporateFundraiser
R_cGTThdlLFGW1CMx,5d6ef023cfe0a400198f911e,31,1,16,,5,,187,,187,187,1,3,5,2,3,1,,,,,,,,,,,,,,,,3,2,2,1,5,1,1,1,1,1,1,1,1,2,2,2,2,7,5,6,7,6,,,,,,,,,,,,,,,,,,Advertising+Counterfactual,CharitableFundraiser
R_2pSo1oYn1bP5bGJ,5f3d6975ef131710ed519c7a,32,1,16,,4,,187,,187,187,1,2,4,3,6,1,7,7,7,5,5,,,,,,,,,,,,,,,,,,,,,,,,,,,,,,,,,1,1,1,1,1,1,1,1,1,1,1,1,5,7,6,6,5,Charity,CorporateFundraiser
R_ZErUnenzwxYoN5n,5f1f886b0d2e6b0008c1f6ec,34,2,16,,5,,187,,187,187,4,1,5,2,2,1,,,,,,8,8,7,5,3,,,,,,,,,,,,,,,,,,,,,,,,,,,,2,2,2,2,1,1,1,1,1,1,1,1,4,3,4,5,6,Advertising,CorporateFundraiser
R_10Ie0qa31MukFAK,5ee4b29de1640f1bc85da97b,59,1,16,,5,,187,,187,187,1,3,5,4,7,1,,,,,,,,,,,7,9,5,4,5,,,,,,2,2,1,1,1,1,1,1,1,1,1,1,5,5,7,8,5,,,,,,,,,,,,,,,,,,Charity+Counterfactual,CharitableFundraiser
R_1M6EznCHsgp35q8,5c75419284e176001254c7a5,40,1,16,,5,,187,,187,187,1,3,5,3,4,1,,,,,,,,,,,5,7,7,7,3,,,,,,2,1,1,1,1,1,1,1,1,1,1,1,5,5,6,5,5,,,,,,,,,,,,,,,,,,Charity+Counterfactual,CharitableFundraiser
R_2y2z34f0aQAb08J,5c6fb7c3c114eb00018b3154,28,1,16,,3,,187,,187,65,4,3,3,3,5,1,,,,,,,,,,,,,,,,5,5,3,1,8,2,2,1,1,1,1,1,1,1,1,1,1,5,2,5,3,1,,,,,,,,,,,,,,,,,,Advertising+Counterfactual,CharitableFundraiser
R_8cUpPtSTvyyzeSt,5bc9f8b677740000016a08b5,45,2,16,,5,,187,,187,65,1,2,5,2,2,1,,,,,,,,,,,9,9,5,9,5,,,,,,2,2,1,1,1,1,1,1,1,1,1,1,5,3,1,6,5,,,,,,,,,,,,,,,,,,Charity+Counterfactual,CharitableFundraiser
R_1IbH19eN3L2EicG,5993020a5f49420001caf86b,52,2,16,,2,,187,,187,187,1,3,6,2,4,1,,,,,,,,,,,7,8,7,6,5,,,,,,,,,,,,,,,,,,,,,,,2,2,1,1,1,1,1,1,1,1,1,1,5,5,7,7,5,Charity+Counterfactual,CorporateFundraiser
R_1mld2w23ePbQcYW,5f7fbd885538b619321626a9,30,2,16,,5,,187,,187,187,4,3,3,2,2,1,,,,,,5,5,4,4,3,,,,,,,,,,,2,2,1,1,1,1,1,1,1,1,1,1,7,7,7,7,7,,,,,,,,,,,,,,,,,,Advertising,CharitableFundraiser
R_2tzebgAeoqHabzL,5c0727ff1d461400012b61ee,52,2,16,,5,,187,,137,187,3,3,3,4,5,1,5,4,3,1,6,,,,,,,,,,,,,,,,,,,,,,,,,,,,,,,,,2,2,2,2,1,1,1,1,1,1,1,1,6,6,5,6,5,Charity,CorporateFundraiser
R_3e8eC3BlKJQSjCX,5ff0038ecd5d98eb8083a651,29,2,16,,3,,187,,187,187,4,3,5,3,4,1,,,,,,,,,,,,,,,,4,5,5,6,4,1,1,1,1,1,1,1,1,1,1,1,1,7,8,8,7,7,,,,,,,,,,,,,,,,,,Advertising+Counterfactual,CharitableFundraiser
R_27qw4zVXycbsznj,5ab415206db3e700011bde54,28,2,16,,5,,187,,187,187,4,3,5,1,9,1,,,,,,,,,,,,,,,,7,6,5,2,4,2,2,2,1,1,1,1,1,1,1,1,1,6,6,4,8,7,,,,,,,,,,,,,,,,,,Advertising+Counterfactual,CharitableFundraiser
R_1IlWLWrDs3N4yHR,5cb929bfebd17d0017e7f848,61,1,16,,5,,187,,187,187,1,3,5,4,7,1,9,9,7,6,4,,,,,,,,,,,,,,,,,,,,,,,,,,,,,,,,,2,2,1,1,1,1,1,1,1,1,1,1,7,7,8,7,4,Charity,CorporateFundraiser
R_0dB85R7FPwIuSTT,5f91a4aeb9f8bc031e8c27c9,27,1,16,,5,,187,,187,187,2,4,6,4,8,1,,,,,,8,8,8,7,6,,,,,,,,,,,,,,,,,,,,,,,,,,,,1,1,1,1,1,1,1,1,1,1,1,1,7,8,8,8,8,Advertising,CorporateFundraiser
R_YVSobeMVQ1R0vy9,5fd63cb585f88c4eb1933661,46,2,16,,3,,187,,187,187,4,1,2,6,9,1,6,7,8,4,9,,,,,,,,,,,,,,,,2,2,2,2,2,2,2,2,2,2,2,2,7,4,2,5,4,,,,,,,,,,,,,,,,,,Charity,CharitableFundraiser
R_3JqM8IngQLmzLbm,601736d3f57edd250d376de9,61,2,16,,5,,187,,187,187,1,2,3,3,2,1,,,,,,5,5,5,5,5,,,,,,,,,,,,,,,,,,,,,,,,,,,,2,2,2,2,2,2,2,2,2,2,1,1,3,3,2,2,1,Advertising,CorporateFundraiser
R_3nw5RiIdShpGJIT,5c4d5328889752000156a11d,49,1,16,,5,,187,,187,187,3,2,5,1,2,1,5,5,3,2,5,,,,,,,,,,,,,,,,2,2,1,1,1,1,1,1,1,1,1,1,5,5,5,8,8,,,,,,,,,,,,,,,,,,Charity,CharitableFundraiser
R_2owiG9IPesuAFPP,5b2465d4007d870001c7926a,45,1,16,,5,,187,,187,187,1,3,5,4,6,7,8,8,7,7,6,,,,,,,,,,,,,,,,2,2,1,1,1,1,1,1,1,1,1,1,7,7,5,6,5,,,,,,,,,,,,,,,,,,Charity,CharitableFundraiser
R_1CHg1kPF3qpmVcE,5cda0f40fbe78a00192192a3,79,1,16,,5,,187,,187,187,5,2,6,4,7,1,,,,,,,,,,,7,7,7,6,6,,,,,,,,,,,,,,,,,,,,,,,1,1,1,1,1,1,1,1,1,1,1,1,7,7,7,7,7,Charity+Counterfactual,CorporateFundraiser
R_VJwB7m56pbZDP4R,5e3e54f69e51f80b67c1cc06,46,2,16,,5,,31,46,187,187,1,3,5,3,5,1,6,6,6,5,5,,,,,,,,,,,,,,,,,,,,,,,,,,,,,,,,,1,1,1,1,1,1,1,1,1,1,1,1,7,7,1,7,7,Charity,CorporateFundraiser
R_22mMQ8c8LtFhi55,5c0da14d656168000159da7a,51,1,16,,5,,187,,187,187,1,3,3,2,3,1,,,,,,,,,,,,,,,,6,6,6,4,5,2,2,2,1,1,1,1,1,1,1,1,1,6,6,7,7,7,,,,,,,,,,,,,,,,,,Advertising+Counterfactual,CharitableFundraiser
R_1oifsAJx2qQCYSg,607b155c459cf45e913f93a6,31,1,16,,3,,187,,187,187,1,2,2,3,9,1,,,,,,,,,,,7,7,6,4,4,,,,,,,,,,,,,,,,,,,,,,,1,1,1,1,1,1,1,1,1,1,1,1,7,7,9,4,8,Charity+Counterfactual,CorporateFundraiser
R_2eUTips2Fw39lfh,60572ccc3847d2e885918fed,30,1,16,,5,,187,,187,187,2,3,5,2,3,1,,,,,,,,,,,,,,,,5,4,4,5,6,1,1,1,1,1,1,2,2,2,2,2,2,5,7,6,6,7,,,,,,,,,,,,,,,,,,Advertising+Counterfactual,CharitableFundraiser
R_2ru9PE685Li5INM,6073b0d0aea1158d53349dd7,50,1,16,,5,,187,,187,187,1,4,6,1,2,1,,,,,,,,,,,,,,,,4,6,6,7,5,,,,,,,,,,,,,,,,,,1,1,1,1,1,1,1,1,1,1,1,1,6,5,4,6,7,Advertising+Counterfactual,CorporateFundraiser
R_25Xe8hoMjinR2YJ,601b9077694f034f0092dd8f,33,2,16,,5,,187,,187,187,6,2,3,2,3,1,,,,,,,,,,,7,7,5,3,6,,,,,,,,,,,,,,,,,,,,,,,1,1,1,1,1,1,1,1,1,1,1,1,5,3,5,7,5,Charity+Counterfactual,CorporateFundraiser
R_ZriRnUmW0i36fLj,5ea894742b0def30e41aa60d,54,2,16,,5,,187,,187,187,1,3,6,2,2,1,,,,,,,,,,,,,,,,5,5,5,4,5,1,1,1,1,1,1,1,1,1,1,1,1,5,5,5,3,5,,,,,,,,,,,,,,,,,,Advertising+Counterfactual,CharitableFundraiser
R_1dpsniFH2mm8zax,597fe89a1b41a20001749f57,43,2,16,,5,,187,,187,187,1,3,6,1,2,1,,,,,,,,,,,,,,,,7,6,5,2,2,2,2,2,2,1,1,1,1,1,1,1,1,4,4,5,7,6,,,,,,,,,,,,,,,,,,Advertising+Counterfactual,CharitableFundraiser
R_Os9E3D1S7CJhTCp,5d49a0b751695e0001a188a8,55,2,16,,5,,187,,187,187,4,4,5,4,6,1,,,,,,,,,,,9,9,9,1,1,,,,,,1,1,1,1,1,1,1,1,1,1,1,1,5,6,5,7,7,,,,,,,,,,,,,,,,,,Charity+Counterfactual,CharitableFundraiser
R_2qwRhSUuf7qloOS,5a1cddb4087f2e0001eafb99,42,2,16,,5,,187,,187,187,4,1,3,3,9,1,7,4,4,5,7,,,,,,,,,,,,,,,,2,2,1,1,1,1,1,1,1,1,1,1,4,4,2,4,4,,,,,,,,,,,,,,,,,,Charity,CharitableFundraiser
R_3LXWVULzMrWYfgP,5e4a1730c94447480594cea4,34,2,16,,5,,187,,187,187,1,3,5,1,2,1,,,,,,,,,,,,,,,,2,1,2,1,6,,,,,,,,,,,,,,,,,,2,1,1,1,1,1,1,1,1,1,1,1,5,5,5,7,6,Advertising+Counterfactual,CorporateFundraiser
R_3HoHQDdKxhoRoKe,6053a8d54ee4c8d353177990,50,1,16,,5,,187,,187,187,1,4,8,5,8,1,,,,,,9,7,5,5,2,,,,,,,,,,,2,1,1,1,1,1,1,1,1,1,1,1,4,4,4,7,4,,,,,,,,,,,,,,,,,,Advertising,CharitableFundraiser
R_OEkz4KadnL2WnyF,5d0eb8f40c09d600174dca28,52,2,16,,3,,187,,187,187,3,1,5,2,3,1,,,,,,,,,,,4,4,5,2,7,,,,,,2,2,2,2,2,2,2,2,2,2,2,2,5,5,6,7,4,,,,,,,,,,,,,,,,,,Charity+Counterfactual,CharitableFundraiser
R_23f94O2PMuukXLP,5dcea7314d51e4107516c80d,52,2,16,,5,,187,,187,187,6,3,5,2,2,1,,,,,,8,5,5,2,5,,,,,,,,,,,,,,,,,,,,,,,,,,,,2,2,2,1,1,1,1,1,1,1,1,1,7,5,6,7,5,Advertising,CorporateFundraiser
R_1IHkUC8MbCTlEHa,5eda94f69f275211dff92234,37,2,16,,5,,187,,187,122,4,1,5,1,2,1,,,,,,6,7,5,5,3,,,,,,,,,,,2,2,2,2,2,1,1,1,1,1,1,1,5,4,5,5,6,,,,,,,,,,,,,,,,,,Advertising,CharitableFundraiser
R_2pMt6kL9LYEDFLo,56c8915edfea6c000cb29c98,40,2,16,,2,,187,,36,36,3,3,5,1,2,1,,,,,,5,8,5,1,5,,,,,,,,,,,,,,,,,,,,,,,,,,,,2,2,1,1,1,1,1,1,1,1,1,1,5,5,4,1,1,Advertising,CorporateFundraiser
R_23g8Q6Tv9gheGWH,5bad1bebeb075f0001000339,60,2,16,,5,,187,,187,187,3,2,4,5,8,1,,,,,,5,7,5,6,6,,,,,,,,,,,,,,,,,,,,,,,,,,,,2,2,2,1,1,1,1,1,1,1,1,1,9,9,9,9,4,Advertising,CorporateFundraiser
R_1obs4CTo8wQCIyq,5c19a630257db80001a2b3a8,65,1,17,,5,,187,,187,187,1,3,5,5,8,1,7,8,8,3,4,,,,,,,,,,,,,,,,1,1,2,1,1,1,2,1,1,1,1,2,7,8,4,7,6,,,,,,,,,,,,,,,,,,Charity,CharitableFundraiser
R_3psRTEEqcjqbiI4,5e9732d6bafec41daaf8fc30,40,1,16,,5,,187,,187,187,1,3,3,1,2,1,,,,,,,,,,,,,,,,5,5,5,1,5,,,,,,,,,,,,,,,,,,2,1,1,1,1,1,1,1,1,1,1,1,5,5,8,5,5,Advertising+Counterfactual,CorporateFundraiser
R_2dygdtDAa4Er0RJ,5fc50bb38378c80ac88354ef,63,2,16,,3,,187,,187,187,5,2,5,2,2,1,,,,,,,,,,,,,,,,8,8,8,4,3,,,,,,,,,,,,,,,,,,1,1,1,1,1,1,1,1,1,1,1,1,9,9,8,8,8,Advertising+Counterfactual,CorporateFundraiser
R_3RyZkDVKIx61gtR,5c2dae2110677f0001dd1137,37,1,16,,5,,187,,187,187,1,4,5,2,2,1,9,9,5,1,1,,,,,,,,,,,,,,,,,,,,,,,,,,,,,,,,,2,1,1,1,1,1,1,1,1,1,1,1,5,5,5,5,5,Charity,CorporateFundraiser
R_2xWW6rk8z1Ak9G2,574ce0a57fd0ec000db73aa6,70,2,16,,5,,187,,187,187,5,1,2,3,5,1,5,4,4,3,7,,,,,,,,,,,,,,,,,,,,,,,,,,,,,,,,,2,2,1,1,1,1,1,1,1,1,1,1,5,5,5,6,6,Charity,CorporateFundraiser
R_1ihCyJ1Ag3bwiAN,607868cb471ea439ea7254fe,26,1,16,,3,,187,,187,187,1,6,5,2,2,1,1,1,1,1,7,,,,,,,,,,,,,,,,2,2,2,2,2,2,2,2,2,2,2,2,1,1,1,2,5,,,,,,,,,,,,,,,,,,Charity,CharitableFundraiser
R_2v654BN3FKzNP1h,605243d9e8c02f81186f770a,37,1,16,,5,,187,,187,187,2,3,5,2,2,1,,,,,,7,8,8,9,8,,,,,,,,,,,1,1,1,1,1,1,1,1,1,1,1,1,7,9,6,7,6,,,,,,,,,,,,,,,,,,Advertising,CharitableFundraiser
R_29i68c2kHkjJ5H4,6052434e9bed036167778208,30,1,16,,5,,187,,187,187,2,3,5,1,2,1,,,,,,,,,,,,,,,,9,7,8,8,8,2,2,2,2,2,2,2,1,2,2,1,1,7,7,8,8,7,,,,,,,,,,,,,,,,,,Advertising+Counterfactual,CharitableFundraiser
R_svtNDlNssgVnlOF,5d98,40,2,16,,3,,187,,187,187,1,4,6,3,5,1,9,8,6,6,3,,,,,,,,,,,,,,,,,,,,,,,,,,,,,,,,,1,1,1,1,1,1,1,1,1,1,1,1,6,7,4,6,3,Charity,CorporateFundraiser
R_33EA6aVTmWO09Db,5fc07d1d954a2251529dcfd6,51,1,16,,5,,187,,187,187,2,3,5,1,5,1,,,,,,,,,,,,,,,,5,2,2,1,4,,,,,,,,,,,,,,,,,,2,1,1,1,1,1,1,1,1,1,1,1,7,7,7,8,4,Advertising+Counterfactual,CorporateFundraiser
R_RelM1cw03gPhVBL,5b29b956007d870001c82114,44,1,16,,5,,187,,187,187,1,2,5,4,7,1,,,,,,,,,,,6,7,6,7,4,,,,,,,,,,,,,,,,,,,,,,,2,1,1,1,1,1,1,1,1,1,1,1,6,7,8,8,6,Charity+Counterfactual,CorporateFundraiser
R_1IyldlOs39p3ffV,601478ee2d7cc94b1f1855ec,43,1,16,,5,,187,,187,187,5,2,3,5,8,1,,,,,,7,5,4,5,3,,,,,,,,,,,,,,,,,,,,,,,,,,,,2,2,2,1,1,1,1,1,1,1,1,1,5,5,9,9,7,Advertising,CorporateFundraiser
R_28GJumo7O8PkXjW,5e2926d80beb030ede110e67,48,2,16,,5,,187,,187,187,3,4,5,4,7,1,,,,,,,,,,,5,4,3,3,5,,,,,,,,,,,,,,,,,,,,,,,2,2,1,1,1,1,1,1,1,1,1,1,6,6,6,7,5,Charity+Counterfactual,CorporateFundraiser
R_5jZdz2ox6MDpHO1,5ddeb0232e4a05e10f448a80,52,2,16,,3,,187,,187,187,4,1,6,1,2,1,,,,,,,,,,,5,6,6,2,3,,,,,,2,2,1,1,1,1,1,1,1,1,1,1,6,3,3,7,5,,,,,,,,,,,,,,,,,,Charity+Counterfactual,CharitableFundraiser
R_1dmB5yrQLjsVHY6,602f28d4fb5e68be139e29f9,65,2,16,,5,,187,,187,187,5,2,2,4,8,1,8,7,4,4,6,,,,,,,,,,,,,,,,2,2,2,2,2,2,2,1,1,1,1,1,5,5,3,7,7,,,,,,,,,,,,,,,,,,Charity,CharitableFundraiser
R_1r9CGY6j2d0EYiS,5e4234d74409da0d3165dc68,55,2,16,,5,,187,,187,187,1,2,3,4,7,1,,,,,,,,,,,,,,,,7,7,5,5,4,2,2,2,2,2,2,2,2,2,2,2,1,3,3,3,2,1,,,,,,,,,,,,,,,,,,Advertising+Counterfactual,CharitableFundraiser
R_3G2IDD9O4EwuNeN,5f1b393d97ebc70d80a26748,73,1,16,,5,,187,,187,187,5,4,5,2,2,1,,,,,,9,9,5,5,1,,,,,,,,,,,2,2,1,1,1,1,1,1,1,1,1,1,9,9,9,9,9,,,,,,,,,,,,,,,,,,Advertising,CharitableFundraiser
R_31mfdTOydlGYQCS,608718f0976b7049f13c330e,48,2,16,,5,,187,,187,187,4,2,2,3,5,1,,,,,,5,5,5,5,5,,,,,,,,,,,,,,,,,,,,,,,,,,,,2,1,1,1,1,1,1,1,1,1,1,1,5,5,5,5,5,Advertising,CorporateFundraiser
R_2QVBSmbhcRrMu9d,5f36c2894b7d680d5ce8d551,44,1,16,,5,,187,,187,187,1,3,2,4,6,1,,,,,,7,8,8,4,3,,,,,,,,,,,,,,,,,,,,,,,,,,,,1,1,1,1,1,1,1,1,1,1,1,1,6,7,5,4,4,Advertising,CorporateFundraiser
R_1CI8oB24ksWByMv,603d7e18a0efddc55c2c2b11,23,1,16,,5,,187,,187,187,4,1,5,3,4,1,6,7,6,6,7,,,,,,,,,,,,,,,,1,1,1,1,1,1,1,1,1,1,1,1,7,6,6,7,7,,,,,,,,,,,,,,,,,,Charity,CharitableFundraiser
R_1gTKhJf84D8Zlu0,60772f8bb056927e132e91c6,30,1,16,,3,,187,,187,187,1,1,6,4,7,1,,,,,,8,7,8,7,3,,,,,,,,,,,1,2,2,2,2,2,2,2,2,2,2,1,6,5,6,6,7,,,,,,,,,,,,,,,,,,Advertising,CharitableFundraiser
R_Oer9u03s6L08c3D,602e0102c7be4d8f930bccb5,38,2,16,,5,,187,,187,187,3,2,5,4,6,1,,,,,,,,,,,,,,,,3,3,3,1,8,,,,,,,,,,,,,,,,,,2,2,2,2,2,2,2,2,2,2,2,2,1,1,5,2,2,Advertising+Counterfactual,CorporateFundraiser
R_bI22DwiUAqcrwyd,5bd7971b0aac450001f951aa,55,2,16,,5,,187,,187,187,5,3,4,2,2,1,,,,,,,,,,,6,7,7,2,5,,,,,,2,2,2,2,2,2,1,1,1,1,1,1,8,5,6,8,8,,,,,,,,,,,,,,,,,,Charity+Counterfactual,CharitableFundraiser
R_1JUPjOfIHl9lDPV,5a791168f49c9a0001f31061,43,1,16,,3,,187,,187,187,3,2,6,2,5,1,,,,,,,,,,,,,,,,9,9,8,1,1,2,2,2,1,1,1,1,1,1,1,1,1,9,9,9,9,9,,,,,,,,,,,,,,,,,,Advertising+Counterfactual,CharitableFundraiser
R_11Z4zKqNp7uN8bJ,5f70e511e024d06de2bd393c,48,2,16,,5,,187,,187,187,5,2,3,5,8,1,,,,,,7,8,5,8,7,,,,,,,,,,,1,1,1,1,1,1,1,1,1,1,1,1,9,9,9,9,9,,,,,,,,,,,,,,,,,,Advertising,CharitableFundraiser
R_3MiipkRdAx438PJ,60875c1afc9feca7575278e1,29,1,16,,5,,187,,187,187,4,3,2,3,5,1,,,,,,9,9,5,5,6,,,,,,,,,,,,,,,,,,,,,,,,,,,,2,2,2,1,1,1,1,1,1,1,1,1,3,3,5,7,5,Advertising,CorporateFundraiser
R_12gMKIFlIXdLkOp,6026adf0704fd23a5dc0ee32,40,1,16,,5,,187,,65,187,1,3,4,4,6,1,,,,,,6,7,6,3,3,,,,,,,,,,,2,1,1,1,1,1,1,1,1,1,1,1,5,5,6,7,6,,,,,,,,,,,,,,,,,,Advertising,CharitableFundraiser
R_1GE7aO1IIITm2yu,5dea9fb3cb53ca1cda9f6116,38,2,16,,5,,187,,187,187,1,2,5,2,2,1,,,,,,,,,,,,,,,,8,7,7,4,1,2,2,1,1,1,1,1,1,1,1,1,1,7,7,7,6,5,,,,,,,,,,,,,,,,,,Advertising+Counterfactual,CharitableFundraiser
R_2ZJsotrRzc2EPgc,607858170aa1024e2c5d956f,36,2,16,,5,,187,,187,187,5,3,4,1,2,1,,,,,,,,,,,7,8,5,8,5,,,,,,2,2,2,1,1,1,1,1,1,1,1,1,7,5,6,7,7,,,,,,,,,,,,,,,,,,Charity+Counterfactual,CharitableFundraiser
R_1mryEKJ9lvOXL2W,5dd371cada167d3773d4ee9e,57,2,16,,5,,187,,187,187,3,4,4,4,5,1,,,,,,9,9,6,2,1,,,,,,,,,,,1,1,1,1,1,1,1,1,1,1,1,1,9,9,9,9,9,,,,,,,,,,,,,,,,,,Advertising,CharitableFundraiser
R_2i6oexM7s3BAqA1,5af9b78246f0040001e34b19,59,2,16,,5,,187,,187,187,4,2,5,2,3,1,,,,,,5,5,4,3,4,,,,,,,,,,,2,2,1,1,1,1,1,1,1,1,1,1,7,3,5,6,7,,,,,,,,,,,,,,,,,,Advertising,CharitableFundraiser
R_3KxpaTOFQ8aar1E,57dd766bbcd7150001ded5de,52,1,16,,5,,187,,187,187,3,2,5,3,7,1,,,,,,,,,,,,,,,,7,8,5,2,1,,,,,,,,,,,,,,,,,,2,2,1,1,1,1,1,1,1,1,1,1,8,5,8,7,5,Advertising+Counterfactual,CorporateFundraiser
R_R941Da6cvY3Yz5v,607905c3accba3e398fc1609,21,1,16,,5,,187,,187,187,4,2,3,2,3,1,,,,,,5,5,4,2,6,,,,,,,,,,,,,,,,,,,,,,,,,,,,2,1,1,1,1,1,1,1,1,1,1,1,7,4,5,3,2,Advertising,CorporateFundraiser
R_3MGbpINcAkCBR71,5dcf4136cf8e7e086ea019e4,53,2,16,,5,,187,,187,187,3,2,5,2,2,1,,,,,,8,6,3,2,2,,,,,,,,,,,,,,,,,,,,,,,,,,,,2,2,1,1,1,1,1,1,2,1,2,2,5,6,4,5,8,Advertising,CorporateFundraiser
R_40Kck1byWLb4KmR,60411a17663a51034423bc76,60,2,16,,5,,187,,187,187,3,3,2,4,5,1,,,,,,,,,,,,,,,,4,5,4,6,7,2,2,1,1,1,1,1,1,1,1,1,1,4,3,3,6,5,,,,,,,,,,,,,,,,,,Advertising+Counterfactual,CharitableFundraiser
R_1GWIcjDXcCp7ci7,5d069f2f041328001a7815be,78,1,16,,5,,187,,187,187,5,2,3,4,6,1,,,,,,9,9,7,8,1,,,,,,,,,,,,,,,,,,,,,,,,,,,,2,2,2,1,1,1,1,1,1,1,1,1,9,9,9,9,8,Advertising,CorporateFundraiser
R_vYVXaFaAlSIEhhf,5d96203d74f4a000159a8c58,49,1,16,,5,,187,,187,187,1,3,6,3,9,1,,,,,,,,,,,5,3,5,1,7,,,,,,,,,,,,,,,,,,,,,,,2,2,2,1,1,1,1,1,1,1,1,1,5,5,6,6,5,Charity+Counterfactual,CorporateFundraiser
R_3KPDjZ7NIjEoh0Q,606f444799a28060c2414e51,38,2,74,19,2,,192,21,192,192,3,3,5,4,6,1,,,,,,,,,,,9,8,8,8,1,,,,,,,,,,,,,,,,,,,,,,,2,1,1,1,1,1,1,1,1,1,1,1,7,5,5,7,6,Charity+Counterfactual,CorporateFundraiser
R_oXMDoF6afydsUpj,5f4a761d2a3d075f5bf652cc,43,2,16,,6,European American,187,,187,187,3,1,2,1,4,1,2,2,2,1,8,,,,,,,,,,,,,,,,2,2,1,1,1,1,1,1,1,1,1,1,4,3,2,3,3,,,,,,,,,,,,,,,,,,Charity,CharitableFundraiser
R_RtBmpj0fl8ufi8h,5c5e1a1559ec1d0001fe5afa,45,1,16,,5,,187,,87,87,1,3,5,4,5,1,7,8,8,6,3,,,,,,,,,,,,,,,,1,1,1,1,1,1,1,1,1,1,1,1,7,5,6,5,5,,,,,,,,,,,,,,,,,,Charity,CharitableFundraiser
R_R9N5ZBr6l6zcwj7,5f4af662edeb8515330d6405,51,1,16,,2,,187,,162,187,3,1,3,2,3,1,,,,,,5,6,4,1,5,,,,,,,,,,,2,2,1,1,1,1,1,1,1,1,1,1,5,5,4,6,6,,,,,,,,,,,,,,,,,,Advertising,CharitableFundraiser
R_Qmkq6tesExDfRYZ,5dc5bd296a8a334443fbf216,49,2,16,,5,,187,,187,187,5,1,3,6,9,1,5,5,5,5,5,,,,,,,,,,,,,,,,2,2,1,1,1,1,1,1,1,1,1,1,5,5,5,7,5,,,,,,,,,,,,,,,,,,Charity,CharitableFundraiser
R_2y9JsqpA5te7cp4,5fe64758bf7c8246fee7d3bc,68,1,16,,5,,187,,187,187,5,3,6,2,2,1,,,,,,,,,,,4,6,5,1,7,,,,,,,,,,,,,,,,,,,,,,,2,2,1,1,1,1,1,1,1,1,1,1,5,5,5,5,5,Charity+Counterfactual,CorporateFundraiser
R_2RXqj78FddaYsif,5a5f8cc7eedc32000142dcc3,65,1,16,,5,,187,,187,187,5,4,5,3,6,1,,,,,,9,9,5,5,1,,,,,,,,,,,,,,,,,,,,,,,,,,,,2,2,1,1,1,1,1,1,1,1,1,1,9,9,9,9,5,Advertising,CorporateFundraiser
R_3kb4bL1dJMbLi1J,5fbad6d5bef273b67008d20c,48,2,16,,5,,187,,187,187,1,6,5,2,3,1,6,6,5,4,5,,,,,,,,,,,,,,,,,,,,,,,,,,,,,,,,,2,2,2,2,2,2,2,2,2,2,2,2,3,3,3,3,3,Charity,CorporateFundraiser
R_1rcOmYrpLqjvkhC,5e4a0a67110b3747ea173d60,58,1,16,,5,,187,,187,187,1,3,5,2,2,1,8,8,8,6,1,,,,,,,,,,,,,,,,,,,,,,,,,,,,,,,,,2,2,1,1,1,1,1,1,1,1,1,1,9,9,9,9,2,Charity,CorporateFundraiser
R_erqHt2veekS2Q9z,599ec7dc617ca80001fcd124,58,1,16,,5,,187,,187,187,1,3,8,4,4,1,,,,,,,,,,,,,,,,9,9,9,1,1,2,1,1,1,1,1,1,1,1,1,1,1,9,9,9,9,9,,,,,,,,,,,,,,,,,,Advertising+Counterfactual,CharitableFundraiser
R_81G95DeImIISvZv,607651e5455e49102ca6207d,65,2,16,,6,mixed race,187,,187,187,5,3,6,2,5,1,,,,,,,,,,,,,,,,5,4,3,1,5,2,2,2,1,1,1,1,1,1,1,1,1,7,6,5,5,5,,,,,,,,,,,,,,,,,,Advertising+Counterfactual,CharitableFundraiser
R_2arhJm0HEF3bMAA,5db6f5c8c5ffeb000ac7cfb2,44,2,16,,2,,187,,36,36,1,6,5,4,6,1,5,3,2,1,8,,,,,,,,,,,,,,,,,,,,,,,,,,,,,,,,,1,1,1,1,1,1,1,1,1,1,1,1,9,9,9,9,6,Charity,CorporateFundraiser
R_3GwSBtyTpIn8ZOX,5dd0c121e73e61189af1e7a5,53,2,16,,5,,187,,187,187,2,5,8,3,4,1,5,5,5,5,5,,,,,,,,,,,,,,,,2,2,2,1,1,1,1,1,1,1,1,1,3,3,3,5,4,,,,,,,,,,,,,,,,,,Charity,CharitableFundraiser
R_3KVAdm11VI8e2dc,5e1797da928b15062260e30e,69,1,16,,5,,187,,187,187,5,2,6,3,5,1,7,7,5,5,4,,,,,,,,,,,,,,,,,,,,,,,,,,,,,,,,,2,2,1,1,1,1,1,1,1,1,1,1,7,7,8,8,8,Charity,CorporateFundraiser
R_3KVAhs6grxbi7ls,5cbe04b4f429ff00159de30e,35,2,16,,3,,1357,11,195,195,1,2,5,3,4,1,,,,,,,,,,,,,,,,9,9,9,1,1,2,2,1,1,1,1,1,1,1,1,1,1,9,9,9,9,9,,,,,,,,,,,,,,,,,,Advertising+Counterfactual,CharitableFundraiser
R_2duo4YpQCTvxmNC,5e2ac2aa0038f21089a533a4,41,2,16,,5,,187,,187,187,4,3,5,1,3,1,,,,,,,,,,,,,,,,9,9,5,1,3,,,,,,,,,,,,,,,,,,1,1,1,1,1,1,1,1,1,1,1,1,9,9,9,9,9,Advertising+Counterfactual,CorporateFundraiser
R_2EBvdZ8oFOLUTdT,5f8cbc5c355ea745e6cef2ca,36,2,19,20,4,,111,5,187,111,4,2,4,1,2,1,,,,,,,,,,,3,2,2,1,8,,,,,,,,,,,,,,,,,,,,,,,2,2,2,2,2,2,2,1,1,1,1,1,2,1,1,3,1,Charity+Counterfactual,CorporateFundraiser
R_2By7gPkLxikKsor,5e3dbf3d216cf7000cfa0d29,57,2,16,,5,,187,,187,187,6,4,3,3,9,1,,,,,,9,9,9,5,1,,,,,,,,,,,2,2,1,1,1,1,1,1,1,1,1,1,8,8,8,8,8,,,,,,,,,,,,,,,,,,Advertising,CharitableFundraiser
R_1mIQ8VA6MBLcZfB,5a79e50b8fe2dc0001059310,34,2,16,,4,,187,,187,69,4,2,3,2,3,1,3,4,2,2,8,,,,,,,,,,,,,,,,2,2,1,1,1,1,2,2,2,2,2,1,4,3,2,7,5,,,,,,,,,,,,,,,,,,Charity,CharitableFundraiser
R_3HMRj4gl7Yk2Pna,5ea48ae3461d1044f2d282cc,56,1,16,,5,,187,,187,187,1,4,5,4,7,1,,,,,,,,,,,8,8,5,4,5,,,,,,,,,,,,,,,,,,,,,,,2,2,2,1,1,1,1,1,1,1,1,1,5,5,5,5,8,Charity+Counterfactual,CorporateFundraiser
R_2wb2dGRYGrNqpwL,594a964c215cbd000146de75,31,2,16,,4,,187,,111,111,5,1,5,1,5,1,,,,,,,,,,,5,5,5,5,6,,,,,,,,,,,,,,,,,,,,,,,2,1,1,1,1,1,1,1,1,1,1,1,5,5,5,5,3,Charity+Counterfactual,CorporateFundraiser
R_1GUiwmYkI0LTyMh,60632b562ed6028c6bb905a6,62,1,16,,5,,187,,187,187,2,1,8,2,2,1,,,,,,7,7,5,5,5,,,,,,,,,,,2,2,1,1,1,1,1,1,1,1,1,1,7,7,7,7,5,,,,,,,,,,,,,,,,,,Advertising,CharitableFundraiser
R_2EAUrtx0iICeBvF,5c6ae4c31b9d0e000190bacc,58,2,16,,5,,187,,187,187,4,3,5,4,7,1,,,,,,9,9,5,8,1,,,,,,,,,,,2,2,2,1,1,1,1,1,1,1,1,1,6,5,7,8,5,,,,,,,,,,,,,,,,,,Advertising,CharitableFundraiser
R_7P2xOnCkdgN7kVX,5d60b5beea1c1c0001c98bf6,63,1,16,,5,,187,,187,187,1,2,3,3,2,1,,,,,,,,,,,5,5,4,1,7,,,,,,2,2,1,1,1,1,1,1,1,1,1,1,6,6,6,7,7,,,,,,,,,,,,,,,,,,Charity+Counterfactual,CharitableFundraiser
R_1EWCMNZ9AhrHSDs,5fc76a415002cb02da36e980,41,2,16,,5,,187,,187,187,4,2,3,2,7,1,2,5,3,4,8,,,,,,,,,,,,,,,,,,,,,,,,,,,,,,,,,2,2,1,1,1,1,1,1,1,1,1,1,2,7,5,8,5,Charity,CorporateFundraiser
R_ufEutIMJS8EB3Fv,5dc483cf74939e34e55c3619,70,1,16,,5,,187,,187,187,5,2,3,1,5,1,,,,,,,,,,,8,8,8,8,2,,,,,,2,1,1,1,1,1,1,1,1,1,1,1,8,8,8,8,8,,,,,,,,,,,,,,,,,,Charity+Counterfactual,CharitableFundraiser
R_25WtXoLAVM1mxyp,5f1dea279f4818757f07f087,58,2,16,,3,,187,,187,187,5,3,6,3,4,1,,,,,,9,9,8,8,6,,,,,,,,,,,2,2,2,2,2,2,2,2,2,2,1,1,8,8,8,7,7,,,,,,,,,,,,,,,,,,Advertising,CharitableFundraiser
R_1F8L6JUTrETWKRj,57c725d89a5f4f0001f661bd,47,1,16,,5,,187,,187,187,1,2,5,4,6,1,,,,,,,,,,,,,,,,5,5,5,3,5,,,,,,,,,,,,,,,,,,2,1,1,1,1,1,1,1,1,1,1,1,5,5,5,5,5,Advertising+Counterfactual,CorporateFundraiser
R_0SwcDdCa8KO4Oid,5cabcfb2bf53e10001fa48ad,30,1,16,,2,,187,,78,78,1,4,8,1,2,1,,,,,,,,,,,6,7,6,5,4,,,,,,2,2,2,2,2,2,2,1,2,1,1,1,3,4,5,4,4,,,,,,,,,,,,,,,,,,Charity+Counterfactual,CharitableFundraiser
R_1KrImz02AUuMPEx,607e787f74247b6edfdd659d,40,1,16,,5,,187,,187,187,4,2,4,2,2,1,5,4,5,1,7,,,,,,,,,,,,,,,,,,,,,,,,,,,,,,,,,2,2,1,1,1,1,1,1,1,1,1,1,9,9,9,5,5,Charity,CorporateFundraiser
R_12aSXtDcUwDybHf,59c843b646f72100019067ce,49,2,16,,3,,187,,187,187,4,6,3,1,2,1,5,5,5,4,6,,,,,,,,,,,,,,,,2,1,1,1,1,1,1,1,1,1,1,1,5,5,7,7,7,,,,,,,,,,,,,,,,,,Charity,CharitableFundraiser
R_2390u5NDzBfQoBz,6077ead8712f600dc88ad03d,46,1,16,,5,,187,,187,187,1,4,6,1,2,1,9,9,6,7,3,,,,,,,,,,,,,,,,,,,,,,,,,,,,,,,,,2,2,1,1,1,1,1,1,1,1,1,1,7,6,6,5,7,Charity,CorporateFundraiser
R_4N4MqrARC04jXod,606a3cf263a18869ac8ee0ed,55,2,16,,5,,187,,187,187,1,4,5,2,9,1,7,7,6,3,4,,,,,,,,,,,,,,,,,,,,,,,,,,,,,,,,,2,2,2,1,1,1,1,1,1,1,1,1,6,7,6,5,5,Charity,CorporateFundraiser
R_1IaUEQzewXjIJZQ,5e3f4c676d06fc1b240e6021,62,1,16,,5,,187,,187,187,1,4,5,4,6,1,,,,,,,,,,,,,,,,6,5,5,4,4,2,1,1,1,1,1,1,1,1,1,1,1,6,6,6,5,5,,,,,,,,,,,,,,,,,,Advertising+Counterfactual,CharitableFundraiser
R_2b4a5FxrkphULRL,6089543fedb191f5a3d8083e,41,1,16,,5,,187,,187,187,1,1,6,4,2,1,,,,,,9,8,8,7,2,,,,,,,,,,,1,1,2,2,2,2,2,2,2,2,2,2,7,8,7,7,6,,,,,,,,,,,,,,,,,,Advertising,CharitableFundraiser
R_1BPNbldC3Gi1DCO,605380e706df2f26164b0ba2,32,2,16,,5,,187,,187,187,4,1,3,1,2,1,5,5,2,1,8,,,,,,,,,,,,,,,,,,,,,,,,,,,,,,,,,1,1,1,1,1,1,1,1,1,1,1,1,9,9,9,9,9,Charity,CorporateFundraiser
R_2QFo1Soa7V09Dbd,5cf3f7364bcc6400019d71fa,64,2,16,,5,,187,,187,187,1,2,2,3,6,1,,,,,,6,6,6,5,4,,,,,,,,,,,,,,,,,,,,,,,,,,,,2,2,2,2,2,2,2,2,2,2,2,2,5,5,5,5,5,Advertising,CorporateFundraiser
R_26nUZkAujWNHulD,606721d7ddda7b19dc36b7c8,41,1,16,,3,,187,,187,187,1,4,6,4,8,1,,,,,,,,,,,7,9,9,7,2,,,,,,2,2,1,1,1,1,1,1,1,1,1,1,8,8,9,9,9,,,,,,,,,,,,,,,,,,Charity+Counterfactual,CharitableFundraiser
R_2Y2Rb3TqRsaOEog,5eaf1a2c649fd108284c2b5f,45,2,16,,5,,187,,187,187,3,4,7,2,4,1,,,,,,,,,,,3,3,2,2,7,,,,,,,,,,,,,,,,,,,,,,,2,1,1,1,1,1,1,1,1,1,1,1,5,5,4,4,5,Charity+Counterfactual,CorporateFundraiser
R_2rNqH4Xx1VhQiuM,5f1b2816e83bcd2d4563a28b,48,2,16,,5,,187,,187,187,2,1,2,3,4,1,5,3,1,1,3,,,,,,,,,,,,,,,,,,,,,,,,,,,,,,,,,2,2,2,1,1,1,1,1,1,1,1,1,6,5,4,7,5,Charity,CorporateFundraiser
R_1djkBlsglU7NjBw,607a60d585359920e8b6f955,56,2,16,,3,,187,,187,187,4,1,3,1,2,1,,,,,,,,,,,,,,,,5,5,5,8,7,,,,,,,,,,,,,,,,,,2,2,2,2,2,2,2,2,2,2,2,2,5,5,5,5,1,Advertising+Counterfactual,CorporateFundraiser
R_YS8alk3VpWYuIXD,5c7070519f9392000150023c,48,2,16,,5,,187,,187,187,1,2,3,2,2,1,,,,,,,,,,,7,8,7,7,2,,,,,,,,,,,,,,,,,,,,,,,2,1,1,1,1,1,1,1,1,1,1,1,6,6,6,7,7,Charity+Counterfactual,CorporateFundraiser
R_1NFHFLfvYLhTNxy,59b65c110516f6000197c455,46,2,16,,5,,187,,187,187,5,3,3,3,4,1,2,3,5,3,5,,,,,,,,,,,,,,,,1,1,1,1,1,1,1,1,1,1,1,1,8,8,6,8,7,,,,,,,,,,,,,,,,,,Charity,CharitableFundraiser
R_3jSwWpg6fYN8mTX,5dd406d9c23e0d3e6dacc034,55,2,16,,5,,187,,187,187,4,3,5,2,2,1,5,6,5,4,5,,,,,,,,,,,,,,,,2,2,1,1,1,1,1,1,1,1,1,1,5,5,5,7,6,,,,,,,,,,,,,,,,,,Charity,CharitableFundraiser
R_31SJAZLEcWFlAZN,5ec2feeb47c4471339d3b2ce,59,2,16,,5,,187,,187,187,3,6,5,1,2,1,,,,,,,,,,,7,8,6,8,3,,,,,,2,2,2,2,1,1,1,1,1,1,1,1,4,2,2,3,2,,,,,,,,,,,,,,,,,,Charity+Counterfactual,CharitableFundraiser
R_8kOWNqMkp574MjD,,,,,,,,,,,,,,,,,,,,,,,,,,,,,,,,,,,,,,,,,,,,,,,,,,,,,,,,,,,,,,,,,,,,,,,,,
R_SUY0MGRlW8PqEil,5cb647faf05de00017e16534,45,2,16,,5,,187,,187,187,3,1,5,1,3,1,,,,,,,,,,,,,,,,5,7,5,4,2,,,,,,,,,,,,,,,,,,1,1,1,1,1,1,1,1,1,1,1,1,5,4,5,6,4,Advertising+Counterfactual,CorporateFundraiser
R_1JKoDGsqGIKmwgY,5f524e7407f3574c7f05fa45,31,1,16,,2,,14,24,14,14,1,4,6,1,4,1,,,,,,6,6,5,2,3,,,,,,,,,,,,,,,,,,,,,,,,,,,,2,1,1,1,1,1,1,1,1,1,1,1,6,6,6,6,5,Advertising,CorporateFundraiser
R_3L6exSexBjLrnwU,55abb1a5fdf99b501fab62e3,77,1,16,,5,,187,,187,187,3,2,6,2,2,1,,,,,,,,,,,9,9,9,9,1,,,,,,,,,,,,,,,,,,,,,,,1,1,1,1,1,1,1,1,1,1,1,1,9,9,9,9,5,Charity+Counterfactual,CorporateFundraiser
R_qPB7qfRBCA2Gks9,5bcce104fb569300011753dd,46,1,16,,5,,187,,187,187,1,3,3,2,4,1,8,8,2,2,6,,,,,,,,,,,,,,,,,,,,,,,,,,,,,,,,,1,1,1,1,1,1,1,1,1,1,1,1,8,8,9,9,7,Charity,CorporateFundraiser
R_1pu7aRv7OPpUT3g,60859f820e5009a67adb3921,53,2,16,,5,,187,,187,187,1,6,5,4,8,1,,,,,,9,9,7,5,1,,,,,,,,,,,1,1,1,1,1,1,1,1,1,1,1,1,7,7,8,8,7,,,,,,,,,,,,,,,,,,Advertising,CharitableFundraiser
R_1CfnJR9xevVees8,5e237189f0b71e629c6efe62,49,1,16,,5,,187,,187,187,1,5,5,5,8,1,,,,,,,,,,,,,,,,6,8,7,5,1,,,,,,,,,,,,,,,,,,2,2,1,1,1,1,1,1,1,1,1,1,8,8,8,8,7,Advertising+Counterfactual,CorporateFundraiser
R_vSLg22ubCem62Nr,5fd9ad6dab00c64c8a45c9fc,57,2,16,,5,,137,51,137,137,1,5,5,5,8,1,,,,,,,,,,,,,,,,9,9,7,5,1,2,1,1,1,1,1,1,1,1,1,1,1,6,6,6,6,3,,,,,,,,,,,,,,,,,,Advertising+Counterfactual,CharitableFundraiser
R_2e4n2xMD8EaRBCV,5d6394518df2870001a74b42,24,2,16,,4,,187,,187,187,4,2,2,1,2,1,,,,,,9,9,6,4,2,,,,,,,,,,,,,,,,,,,,,,,,,,,,1,1,1,1,1,2,2,2,2,2,2,1,5,6,5,4,4,Advertising,CorporateFundraiser
R_1nOywznLj746NWN,5bd45c509afb5b00015c48f4,67,2,16,,4,,187,,187,187,4,3,5,5,8,1,,,,,,,,,,,,,,,,9,5,5,1,1,,,,,,,,,,,,,,,,,,2,2,1,1,1,1,1,1,1,1,1,1,5,5,5,5,5,Advertising+Counterfactual,CorporateFundraiser
R_2PnduifZmCW3MUe,5c6f1e080b99a000018cc53b,54,2,16,,5,,187,,65,65,3,2,5,2,4,1,3,4,2,2,7,,,,,,,,,,,,,,,,2,1,1,1,1,1,1,1,1,1,1,1,3,4,5,6,5,,,,,,,,,,,,,,,,,,Charity,CharitableFundraiser
R_3J3H7P8nRhNvJa4,5c024be169406e00014e0b8e,26,1,16,,4,,187,,136,187,4,3,4,2,9,1,,,,,,,,,,,,,,,,6,5,2,3,4,2,2,2,2,2,1,1,1,1,1,1,1,3,3,2,3,2,,,,,,,,,,,,,,,,,,Advertising+Counterfactual,CharitableFundraiser
R_6gKr2ejXaRliN6p,5dceb7bf2c5c10000acda107,60,1,16,,6,European,187,,187,187,3,5,6,2,5,1,5,5,3,7,7,,,,,,,,,,,,,,,,2,2,2,2,2,2,2,1,1,1,1,1,5,5,3,5,5,,,,,,,,,,,,,,,,,,Charity,CharitableFundraiser
R_2bVthj3A9dUh9Ys,558a327cfdf99b2d75651681,54,1,16,,5,,187,,187,187,1,5,6,2,2,1,,,,,,,,,,,5,8,5,2,7,,,,,,2,1,1,1,1,1,1,1,1,1,1,1,8,9,7,8,6,,,,,,,,,,,,,,,,,,Charity+Counterfactual,CharitableFundraiser
R_12as9G45YMIGyVi,57950da04a84da00014c5dbb,31,1,16,,2,,187,,36,36,1,4,6,3,5,1,,,,,,7,6,6,4,4,,,,,,,,,,,,,,,,,,,,,,,,,,,,2,2,1,1,1,1,1,1,1,1,1,1,5,7,6,6,4,Advertising,CorporateFundraiser
R_3ivPvf4bl8A8ah8,6042794fe3c49714bee3e9cf,69,2,16,,5,,187,,187,187,2,3,5,3,5,1,4,4,4,3,4,,,,,,,,,,,,,,,,2,2,1,1,1,1,1,1,1,1,1,1,7,6,6,7,7,,,,,,,,,,,,,,,,,,Charity,CharitableFundraiser
R_Tc1zr8ZBBT3dk65,5f89dc068df5520405822b18,40,1,16,,5,,187,,187,187,1,3,5,5,8,1,3,4,4,6,5,,,,,,,,,,,,,,,,2,2,2,2,2,2,2,2,2,2,2,2,3,5,4,6,4,,,,,,,,,,,,,,,,,,Charity,CharitableFundraiser
R_1Q4OoBALK8qMFjj,601fc50f4b7f33504a02cd52,43,2,16,,4,,187,,187,187,3,2,4,1,2,1,1,1,1,5,7,,,,,,,,,,,,,,,,,,,,,,,,,,,,,,,,,1,1,1,1,1,1,1,1,1,1,1,1,6,5,6,6,6,Charity,CorporateFundraiser
R_2Swp5Y9KGchcG3J,5b233660648d5b0001b7de87,67,1,16,,5,,187,,187,187,1,3,3,3,2,1,,,,,,,,,,,5,5,5,4,6,,,,,,,,,,,,,,,,,,,,,,,2,2,2,1,1,1,1,1,1,2,1,1,5,5,4,5,4,Charity+Counterfactual,CorporateFundraiser
R_Wulm0MIK7qHcWA1,60121fca666552254559110d,20,2,16,,3,,187,,85,85,4,2,3,2,3,1,5,1,1,4,1,,,,,,,,,,,,,,,,,,,,,,,,,,,,,,,,,1,1,1,1,1,1,1,1,1,1,1,1,5,6,4,6,3,Charity,CorporateFundraiser
R_pazqHmNzuk2yLWp,6060bdd2935a3eb3bdcdb835,56,2,16,,2,,78,21,78,78,3,5,8,3,5,1,,,,,,,,,,,,,,,,7,7,5,7,2,2,2,1,1,1,1,1,1,1,1,1,1,3,3,3,3,3,,,,,,,,,,,,,,,,,,Advertising+Counterfactual,CharitableFundraiser
R_2wsr3XM0Naj4DvO,5dd61a909ca8a35c14d8d610,60,2,16,,5,,187,,187,187,3,1,8,2,3,1,,,,,,,,,,,7,9,7,7,3,,,,,,2,2,2,2,2,2,2,2,2,1,1,1,7,7,5,6,7,,,,,,,,,,,,,,,,,,Charity+Counterfactual,CharitableFundraiser
R_21aKzLGM2Jo3BxQ,5e16c978783225c8108ef055,59,1,16,,5,,187,,187,187,1,2,3,5,8,1,,,,,,9,9,7,8,2,,,,,,,,,,,2,2,1,1,1,1,1,1,1,1,1,1,6,6,5,6,6,,,,,,,,,,,,,,,,,,Advertising,CharitableFundraiser
R_1jwtOKFHw7vEThD,559b1e92fdf99b426abb6227,41,1,16,,5,,187,,94,187,1,3,2,3,5,1,,,,,,,,,,,8,8,7,8,5,,,,,,2,1,1,1,1,1,1,1,1,1,1,1,6,5,4,6,4,,,,,,,,,,,,,,,,,,Charity+Counterfactual,CharitableFundraiser
R_XUixzXaha5xNeq5,5f872af9e3e4870ef4d67cc3,52,1,16,,3,,187,,187,187,2,3,3,3,4,1,,,,,,,,,,,8,8,8,8,7,,,,,,2,2,1,1,1,1,1,1,1,1,1,1,5,5,5,7,7,,,,,,,,,,,,,,,,,,Charity+Counterfactual,CharitableFundraiser
R_27xuNMbWzRVGBpR,5b33a01fa8327d0001003821,67,2,16,,5,,187,,187,187,4,2,2,3,9,1,,,,,,,,,,,,,,,,6,6,7,6,1,2,2,2,2,2,2,2,2,2,2,2,2,7,6,5,6,6,,,,,,,,,,,,,,,,,,Advertising+Counterfactual,CharitableFundraiser
R_2Eh4n7MHOp7B8cM,5d615f7632cfbd001b1b6dcb,71,1,16,,5,,187,,187,187,5,2,5,4,5,1,,,,,,,,,,,9,9,9,9,1,,,,,,2,2,1,1,1,1,1,1,1,1,1,1,7,8,7,8,8,,,,,,,,,,,,,,,,,,Charity+Counterfactual,CharitableFundraiser
R_yKD8xe7FDcNNrjz,5f81c992a0cd54099ebcfe6a,26,1,16,,5,,187,,187,187,1,3,5,2,2,1,,,,,,9,9,5,5,1,,,,,,,,,,,,,,,,,,,,,,,,,,,,1,1,1,1,1,1,1,1,1,1,1,1,9,9,9,9,5,Advertising,CorporateFundraiser
R_1jxKW5HLoDKIw9e,5fa4c21a04bc5912180291bc,39,1,16,,3,,187,,187,187,4,2,3,3,5,1,5,5,5,5,5,,,,,,,,,,,,,,,,,,,,,,,,,,,,,,,,,1,1,1,1,1,1,1,1,1,1,1,1,9,9,9,9,9,Charity,CorporateFundraiser
R_3Mh8F1iUzKVbq2Y,5ec885ed5583f336538f0a23,23,2,16,,3,,187,,187,187,2,3,3,1,3,1,,,,,,9,9,5,5,4,,,,,,,,,,,2,2,2,2,2,1,1,1,1,1,1,1,3,3,1,3,4,,,,,,,,,,,,,,,,,,Advertising,CharitableFundraiser
R_1CBEuhIkHDVxhhP,6055cd75dceb55248fd91dbf,37,1,16,,3,,187,,187,187,1,2,2,2,3,7,,,,,,,,,,,7,8,7,4,7,,,,,,,,,,,,,,,,,,,,,,,1,1,1,1,1,1,1,1,1,1,1,1,7,6,7,7,6,Charity+Counterfactual,CorporateFundraiser
R_2ahlq57clwisiUh,5fbae54831099083583afff0,44,1,16,,5,,187,,187,187,3,2,5,2,4,1,,,,,,7,9,7,6,5,,,,,,,,,,,2,1,1,1,1,1,1,1,1,1,1,1,8,8,8,8,7,,,,,,,,,,,,,,,,,,Advertising,CharitableFundraiser
R_tVESXENlf5KqHFD,5c5dba4ed86a7f000191e5d5,44,1,16,,5,,187,,187,187,1,3,5,3,5,1,,,,,,,,,,,,,,,,5,5,5,4,3,2,2,2,1,2,2,1,2,1,1,2,2,5,5,4,6,5,,,,,,,,,,,,,,,,,,Advertising+Counterfactual,CharitableFundraiser
R_1FtzYhrMlpiyKIH,5e0bd25e67f1703eafedd160,60,1,16,,5,,187,,187,187,1,2,4,3,3,1,6,8,6,7,3,,,,,,,,,,,,,,,,,,,,,,,,,,,,,,,,,1,1,1,1,1,1,1,1,1,1,1,1,8,8,8,8,8,Charity,CorporateFundraiser
R_Tbd3Qhkjf3R55hT,5642af61942576000566efda,31,1,16,,3,,187,,85,85,2,1,3,3,4,1,,,,,,,,,,,,,,,,5,7,5,1,3,,,,,,,,,,,,,,,,,,2,2,1,1,1,1,1,1,1,1,1,1,5,5,7,7,4,Advertising+Counterfactual,CorporateFundraiser
R_zSvQjnua783zpG9,5ef55b1c3395621b627d3ae9,51,2,16,,5,,187,,185,187,5,3,5,5,8,1,3,7,2,4,7,,,,,,,,,,,,,,,,2,2,2,2,1,1,1,1,1,1,1,1,7,6,5,7,6,,,,,,,,,,,,,,,,,,Charity,CharitableFundraiser
R_1j9OZbPsfgOPmvd,5a3c39f08d005a000182a1c6,60,2,16,,5,,187,,187,187,1,3,5,2,2,1,7,7,6,5,6,,,,,,,,,,,,,,,,2,2,2,2,2,2,2,2,2,2,2,2,4,4,3,3,4,,,,,,,,,,,,,,,,,,Charity,CharitableFundraiser
R_1BWxw0tf1fhOtJ9,5b133bba30d562000155dc2e,43,2,16,,5,,187,,187,187,3,2,5,4,7,1,,,,,,8,8,6,4,6,,,,,,,,,,,,,,,,,,,,,,,,,,,,2,2,1,1,1,1,1,1,1,1,1,1,6,5,5,6,6,Advertising,CorporateFundraiser
R_3lYbZF2oGtsPkSC,6081e06afff5fb843a0ddf9f,28,1,16,,3,,187,,187,187,4,1,3,1,3,1,,,,,,,,,,,5,7,3,5,6,,,,,,1,2,2,1,1,1,1,1,1,1,1,1,3,4,3,6,6,,,,,,,,,,,,,,,,,,Charity+Counterfactual,CharitableFundraiser
R_Cf7qlDDVsmVWyqt,608764277444d5e1b1572c57,20,2,16,,5,,187,,187,187,1,4,3,2,4,1,,,,,,7,8,7,5,4,,,,,,,,,,,,,,,,,,,,,,,,,,,,1,1,1,1,1,1,1,1,1,1,1,2,5,4,5,6,4,Advertising,CorporateFundraiser
R_3q1Udo4cqSML5p7,5f5452df72345118f58d187b,56,1,16,,5,,187,,187,187,6,1,3,5,5,1,,,,,,,,,,,6,8,9,3,1,,,,,,2,2,2,1,1,1,1,1,1,1,1,1,3,2,1,7,4,,,,,,,,,,,,,,,,,,Charity+Counterfactual,CharitableFundraiser
R_3HpM924u4LKC5b4,5bcded8f2d94a8000133e068,62,2,16,,5,,187,,187,187,1,3,2,3,9,1,,,,,,,,,,,,,,,,5,5,5,2,5,2,2,2,2,2,2,2,2,2,2,2,2,5,4,1,5,5,,,,,,,,,,,,,,,,,,Advertising+Counterfactual,CharitableFundraiser
R_3HibV0TqYeN3gwE,603862f99e00971c55fe0874,30,1,16,,3,,187,,187,187,5,1,3,1,5,1,5,8,6,2,1,,,,,,,,,,,,,,,,,,,,,,,,,,,,,,,,,2,1,1,1,1,1,1,1,1,1,1,1,5,8,7,4,3,Charity,CorporateFundraiser
R_3HLI97JN8TzlzhP,5f69b6fb02fba4010e602989,51,1,16,,5,,187,,187,187,1,2,6,5,8,1,,,,,,9,9,9,9,1,,,,,,,,,,,1,1,1,1,1,1,1,1,1,1,1,1,9,9,9,9,9,,,,,,,,,,,,,,,,,,Advertising,CharitableFundraiser
R_9yFUB7SJtPwHUPL,5dfbc3a1946e978e69d8e586,64,2,16,,5,,187,,187,187,5,4,5,2,3,1,,,,,,9,8,7,4,1,,,,,,,,,,,,,,,,,,,,,,,,,,,,2,2,2,1,1,1,1,1,1,1,1,1,6,6,6,4,4,Advertising,CorporateFundraiser
R_BYqouNg6mCljKCd,5b824fb6cc06660001a302d4,50,2,16,,5,,187,,187,187,1,3,5,3,6,1,,,,,,5,5,5,4,3,,,,,,,,,,,,,,,,,,,,,,,,,,,,2,1,1,1,1,1,1,1,1,1,1,1,9,9,9,9,5,Advertising,CorporateFundraiser
R_Zf3sYJpIBYBfcf7,5f4a4da1575d605c43bef871,62,2,16,,5,,187,,187,187,2,2,3,4,8,1,,,,,,,,,,,,,,,,6,6,4,3,7,,,,,,,,,,,,,,,,,,2,2,2,1,1,1,1,1,1,1,1,1,5,5,6,8,4,Advertising+Counterfactual,CorporateFundraiser
R_UnCmoyzbPOpwmY1,606e4eb2a56685e5593304cd,52,1,16,,5,,187,,187,187,1,3,5,3,6,1,5,8,2,1,8,,,,,,,,,,,,,,,,2,2,1,1,1,1,1,1,1,1,1,1,8,7,8,6,8,,,,,,,,,,,,,,,,,,Charity,CharitableFundraiser
R_2ttKApoLQXC9E24,5b566435d8348500012d2d65,68,2,16,,5,,187,,187,187,5,2,5,1,3,1,,,,,,9,9,7,5,2,,,,,,,,,,,2,2,2,2,1,1,1,1,1,1,1,1,2,2,2,2,2,,,,,,,,,,,,,,,,,,Advertising,CharitableFundraiser
R_e3BV1Z3hugzZW5b,5f4d5f9f835880a2aca8b996,40,2,76,30,2,,75,20,75,75,5,2,3,3,5,1,5,4,4,5,5,,,,,,,,,,,,,,,,2,2,2,2,2,2,2,2,2,2,2,2,6,6,5,7,4,,,,,,,,,,,,,,,,,,Charity,CharitableFundraiser
R_1MKdGrdGLIEHjqm,60481566cb24e71537ea8f59,37,1,16,,5,,187,,187,187,1,2,5,3,5,1,,,,,,,,,,,,,,,,5,6,5,1,6,1,1,1,1,1,1,1,1,1,1,1,1,7,5,6,6,6,,,,,,,,,,,,,,,,,,Advertising+Counterfactual,CharitableFundraiser
R_29s19XEfUeKAWdJ,5df2f2ed4c81b2201c6c782e,71,2,16,,5,,187,,187,187,5,1,5,2,2,1,,,,,,,,,,,9,9,7,9,8,,,,,,,,,,,,,,,,,,,,,,,2,2,1,1,1,1,1,1,1,1,1,1,5,5,5,5,5,Charity+Counterfactual,CorporateFundraiser
R_1oCsKznf6KRO3Fb,5facc4201f33582f15dcf9bf,72,1,16,,5,,187,,187,187,5,3,4,4,8,1,,,,,,,,,,,,,,,,9,9,9,9,1,,,,,,,,,,,,,,,,,,2,2,1,1,1,1,1,1,1,1,1,1,9,9,9,9,9,Advertising+Counterfactual,CorporateFundraiser
R_2zCn4EzirpbO0CO,602b456e7cdd702772f52e13,43,1,16,,4,,187,,187,187,5,3,3,4,8,1,6,6,5,6,3,,,,,,,,,,,,,,,,1,1,1,1,1,1,1,1,1,1,1,1,5,5,7,6,5,,,,,,,,,,,,,,,,,,Charity,CharitableFundraiser
R_2wNwh5wY0jWVjxy,580cab86b869700001d71628,58,2,16,,5,,187,,187,76,3,6,5,6,5,1,,,,,,4,5,5,1,9,,,,,,,,,,,,,,,,,,,,,,,,,,,,2,2,2,2,2,2,2,2,2,2,2,2,1,1,1,9,4,Advertising,CorporateFundraiser
R_3JCn5EqmfmVJR2X,604afd0d0a2dc7908ca31948,25,1,16,,4,,187,,135,187,1,2,8,2,2,1,,,,,,,,,,,7,8,5,6,2,,,,,,2,2,2,1,1,1,1,1,1,1,1,1,4,4,5,4,4,,,,,,,,,,,,,,,,,,Charity+Counterfactual,CharitableFundraiser
R_1irrp0WFCELWnMr,60464c1eb5eb8b0dccd04684,25,1,16,,4,,187,,187,111,1,3,5,1,2,1,5,4,2,1,9,,,,,,,,,,,,,,,,,,,,,,,,,,,,,,,,,2,2,2,1,1,1,1,1,1,1,1,1,2,2,1,5,6,Charity,CorporateFundraiser
R_2EbMBcybxZrI4On,5ca73ac06fa13f00189cbe17,56,1,16,,5,,187,,187,187,3,2,8,2,2,1,,,,,,8,8,7,8,3,,,,,,,,,,,,,,,,,,,,,,,,,,,,2,2,2,1,1,1,1,1,1,1,1,1,8,8,7,8,5,Advertising,CorporateFundraiser
R_2zu9GO8bBOito1r,5ddbd6e518beb6b1e1de0326,73,1,16,,5,,187,,187,187,5,2,5,4,5,1,,,,,,,,,,,,,,,,7,3,5,5,2,,,,,,,,,,,,,,,,,,2,2,2,2,2,2,2,2,2,2,2,2,5,5,4,3,4,Advertising+Counterfactual,CorporateFundraiser
R_1rOLNDBUgsfUo8L,5f575f51650eb61e982df8ef,32,2,16,,3,,187,,187,187,2,2,5,5,2,1,,,,,,,,,,,9,9,9,9,1,,,,,,2,2,2,1,1,1,1,1,1,1,1,1,1,1,1,1,1,,,,,,,,,,,,,,,,,,Charity+Counterfactual,CharitableFundraiser
R_2ci8wLWM3hwZQZz,5800e50de3536e00012840f4,64,2,16,,5,,187,,187,187,1,3,2,1,2,1,,,,,,,,,,,7,7,5,4,4,,,,,,,,,,,,,,,,,,,,,,,2,2,2,1,1,1,1,1,1,2,2,2,5,5,5,5,5,Charity+Counterfactual,CorporateFundraiser
R_3CE0X4zCOdYYKw7,607c4ef949e1e68bd8d61b19,40,1,16,,3,,187,,187,187,1,4,6,1,2,1,8,9,9,7,2,,,,,,,,,,,,,,,,2,2,2,2,2,2,2,2,2,2,2,2,7,8,9,6,9,,,,,,,,,,,,,,,,,,Charity,CharitableFundraiser
R_ZwacpjHBpWBMaRz,60640bdaf2f072c5a2522832,40,2,16,,3,,187,,187,187,3,3,5,2,4,1,,,,,,,,,,,8,8,8,5,6,,,,,,2,1,1,1,1,1,1,1,1,1,1,1,6,6,5,7,7,,,,,,,,,,,,,,,,,,Charity+Counterfactual,CharitableFundraiser
R_9RBUdWY1thOkOv7,5eeba783164680119f2e30c7,25,2,16,,3,,187,,187,187,4,1,2,3,5,1,9,6,8,5,2,,,,,,,,,,,,,,,,2,1,2,1,2,1,2,1,2,1,2,1,3,8,5,7,4,,,,,,,,,,,,,,,,,,Charity,CharitableFundraiser
R_2D8CP7cYM1Viz8K,6083b46d8bda010d3666e305,50,1,16,,5,,187,,187,187,1,4,6,1,2,1,,,,,,,,,,,,,,,,8,9,8,8,7,2,1,1,2,2,2,2,2,2,2,2,2,8,9,7,8,8,,,,,,,,,,,,,,,,,,Advertising+Counterfactual,CharitableFundraiser
R_2U5uq2sys9TNnEp,5e7d0520455902383a9d1dd9,53,1,16,,2,,187,,127,36,1,3,5,4,6,1,,,,,,9,5,5,1,1,,,,,,,,,,,,,,,,,,,,,,,,,,,,2,2,1,1,1,1,1,1,1,1,1,1,9,5,5,5,2,Advertising,CorporateFundraiser
R_1oGQGppNXEYhKSk,6083aef6a99fcf11330530df,50,1,16,,5,,187,,187,187,1,4,6,1,2,1,,,,,,7,9,6,8,7,,,,,,,,,,,,,,,,,,,,,,,,,,,,2,2,2,2,2,2,2,2,2,2,2,2,6,7,6,7,6,Advertising,CorporateFundraiser
R_2aLXVDQW2uuzSdJ,608532d2024b2a154c0c27fc,50,1,16,,5,,187,,187,187,1,4,6,1,2,1,8,9,7,8,9,,,,,,,,,,,,,,,,2,2,2,2,2,2,2,2,2,2,2,2,7,6,7,8,7,,,,,,,,,,,,,,,,,,Charity,CharitableFundraiser
R_25uAm0ZG7XyFjRM,58a50aebbb9e0f0001aca2a7,42,1,16,,2,,187,,172,130,3,3,8,3,4,1,,,,,,,,,,,,,,,,5,2,5,6,2,,,,,,,,,,,,,,,,,,2,1,2,2,2,1,2,2,2,2,1,2,5,3,5,2,4,Advertising+Counterfactual,CorporateFundraiser
R_337QcQhqlnAqZBy,605c0d13ee0500a2cb9d9ad8,41,1,16,,3,,187,,187,187,1,3,6,4,8,1,,,,,,8,8,6,5,1,,,,,,,,,,,1,1,1,1,1,1,1,1,1,1,1,1,6,6,7,8,7,,,,,,,,,,,,,,,,,,Advertising,CharitableFundraiser
R_1djmbiCz4DGEAtt,60139fd4b1babe296d0a1925,40,2,16,,5,,187,,187,187,4,1,3,2,3,1,,,,,,7,6,5,3,5,,,,,,,,,,,2,1,1,1,1,1,1,1,1,1,1,1,7,6,5,8,9,,,,,,,,,,,,,,,,,,Advertising,CharitableFundraiser
R_1LnTCwdzTtWhWuO,5d6376ec7e447f001c971315,64,2,16,,3,,187,,187,187,4,2,3,1,3,1,,,,,,,,,,,6,9,5,5,5,,,,,,,,,,,,,,,,,,,,,,,2,2,2,1,1,1,1,1,1,1,1,1,7,5,5,5,7,Charity+Counterfactual,CorporateFundraiser
R_6tnbBI9nQFm2vdv,5e6bdd2a3ea572199bb7f6b6,60,2,16,,5,,187,,187,187,3,3,5,2,2,1,,,,,,,,,,,,,,,,9,9,5,1,1,2,2,1,1,1,1,1,1,1,1,1,1,8,8,7,7,5,,,,,,,,,,,,,,,,,,Advertising+Counterfactual,CharitableFundraiser
R_27QpysdEOCcings,5e544727059e3744ccdd4c3b,30,2,16,,3,,187,,187,187,4,2,5,2,5,1,,,,,,3,2,1,1,7,,,,,,,,,,,1,2,2,1,1,1,2,2,2,2,2,2,5,5,5,5,5,,,,,,,,,,,,,,,,,,Advertising,CharitableFundraiser
R_0VrZ9OviFY83aBH,606aea8814129a6784400961,41,1,16,,3,,187,,187,187,1,4,5,1,7,1,9,9,9,9,1,,,,,,,,,,,,,,,,2,1,1,1,1,1,1,1,1,1,1,1,9,9,9,9,9,,,,,,,,,,,,,,,,,,Charity,CharitableFundraiser
R_eh9OhzKzbgJF3Q5,5ef9338e3fa1390009d94b76,47,2,41,30,2,,162,23,162,162,1,3,6,3,4,1,,,,,,,,,,,,,,,,5,3,2,4,3,,,,,,,,,,,,,,,,,,2,1,1,1,1,1,1,1,1,1,1,1,5,5,5,5,5,Advertising+Counterfactual,CorporateFundraiser
R_tEyB1k4ajANl1UR,5e63912d08c2ef10e6a85688,46,2,16,,3,,187,,187,187,1,4,5,3,3,1,,,,,,,,,,,,,,,,5,4,5,1,5,,,,,,,,,,,,,,,,,,2,1,1,1,1,1,1,1,1,1,1,1,5,5,6,7,7,Advertising+Counterfactual,CorporateFundraiser
R_2Ejl0eecD9T8ELi,607f4747e188f7f4d1b017b9,68,1,16,,5,,187,,187,187,5,1,4,2,5,1,,,,,,,,,,,,,,,,4,4,3,1,6,,,,,,,,,,,,,,,,,,1,1,1,1,1,1,1,1,1,1,1,1,7,7,8,7,8,Advertising+Counterfactual,CorporateFundraiser
R_Cm2FkAbMMJrr3ln,5e3dec90ce522506a9045e17,47,1,16,,2,,187,,172,196,1,4,6,2,2,1,,,,,,,,,,,6,6,5,2,7,,,,,,,,,,,,,,,,,,,,,,,2,2,2,2,2,2,2,2,2,2,2,1,2,3,3,3,5,Charity+Counterfactual,CorporateFundraiser
R_1NlXU0EEw8f2tTl,607331e66524baf7ddfaae21,44,2,16,,3,,187,,187,187,1,4,6,2,4,1,,,,,,8,8,6,7,4,,,,,,,,,,,2,2,2,1,1,1,2,1,1,1,1,1,4,5,4,6,5,,,,,,,,,,,,,,,,,,Advertising,CharitableFundraiser
R_3MGvOKhoUeIdrAg,5ebdea4e0ae7a413a7d81d14,62,2,16,,5,,187,,187,187,5,2,2,4,8,1,6,4,4,4,5,,,,,,,,,,,,,,,,,,,,,,,,,,,,,,,,,1,1,1,1,1,1,1,1,1,1,1,1,5,5,5,5,5,Charity,CorporateFundraiser
R_2VPbJg4fVCBHpyH,6063424eb8b117b6f0d69902,41,1,16,,3,,187,,187,187,2,4,4,2,4,1,,,,,,8,7,7,5,2,,,,,,,,,,,1,1,1,1,1,1,1,1,1,1,1,1,8,8,7,8,7,,,,,,,,,,,,,,,,,,Advertising,CharitableFundraiser
R_12G3beHjAA2uMA3,5f048fdc0aea5b0ae3215fc9,64,2,16,,5,,187,,187,187,5,2,2,1,2,1,,,,,,,,,,,9,9,9,9,1,,,,,,,,,,,,,,,,,,,,,,,1,1,1,1,1,1,1,1,1,1,1,1,5,5,6,5,5,Charity+Counterfactual,CorporateFundraiser
R_3gN4jkjK0Wfh1Qw,5d1a7bb2339da6001a12b11a,67,2,16,,5,,187,,187,187,3,1,5,1,5,1,,,,,,9,8,6,6,2,,,,,,,,,,,,,,,,,,,,,,,,,,,,2,1,1,1,1,1,1,1,1,1,1,1,3,3,2,4,4,Advertising,CorporateFundraiser
R_324KmonK8kwUGiV,606cba49bb285f26a3afee25,60,1,16,,5,,187,,187,187,5,2,3,4,8,1,,,,,,,,,,,,,,,,5,5,6,3,5,2,2,2,2,2,2,2,2,2,2,2,2,2,2,2,2,2,,,,,,,,,,,,,,,,,,Advertising+Counterfactual,CharitableFundraiser
R_w5Wnn9daHmIoDMR,5dd1919051c6d2208e27fbc1,72,2,16,,5,,187,,187,187,5,2,4,3,5,1,,,,,,,,,,,,,,,,7,7,8,2,4,2,2,1,1,1,1,1,1,1,1,1,1,9,9,9,9,9,,,,,,,,,,,,,,,,,,Advertising+Counterfactual,CharitableFundraiser
R_UiQqGFqh6rxndpT,6069080565375bb41ee01993,31,2,19,25,4,,187,,111,111,1,3,5,1,2,1,5,6,3,5,8,,,,,,,,,,,,,,,,,,,,,,,,,,,,,,,,,2,2,1,1,1,1,1,1,1,1,1,1,5,4,5,6,4,Charity,CorporateFundraiser
R_eleNn8fcnduHkqJ,55f5946a32af74001017047b,60,1,16,,5,,187,,187,187,4,2,5,1,4,1,7,8,3,1,7,,,,,,,,,,,,,,,,,,,,,,,,,,,,,,,,,1,1,1,1,1,1,1,1,1,1,1,1,9,6,5,9,8,Charity,CorporateFundraiser
R_21jDSSbLcL1wGHH,5cd1bbc59e657600172becf0,67,2,16,,5,,187,,187,187,1,2,6,3,5,1,,,,,,,,,,,6,9,9,9,9,,,,,,2,1,1,1,1,1,1,1,1,1,1,1,6,5,7,8,8,,,,,,,,,,,,,,,,,,Charity+Counterfactual,CharitableFundraiser
R_31EiBZElo9oD0LB,605733fb52820cc2a723fea3,47,1,16,,3,,187,,187,187,1,2,5,3,5,1,,,,,,,,,,,8,9,8,7,3,,,,,,1,1,1,1,1,1,1,1,1,1,1,1,8,8,8,8,8,,,,,,,,,,,,,,,,,,Charity+Counterfactual,CharitableFundraiser
R_ODK8VO1rVpMnbGN,6086dcb193d858fd9d55bd0d,38,2,16,,3,,187,,187,187,2,4,6,4,8,1,,,,,,,,,,,,,,,,7,7,9,6,1,2,2,2,1,1,1,1,1,1,1,1,1,6,3,7,7,7,,,,,,,,,,,,,,,,,,Advertising+Counterfactual,CharitableFundraiser
R_QowEqwnv3y5aeSB,6075ce899bd59cbac78d1712,35,2,16,,3,,187,,187,187,1,4,5,5,8,1,,,,,,,,,,,,,,,,2,1,1,6,8,,,,,,,,,,,,,,,,,,2,1,2,2,1,1,2,2,2,2,1,1,2,1,1,2,1,Advertising+Counterfactual,CorporateFundraiser
R_214lZS7pIrTVGXG,607c9f94cc974d4ea1dc22c8,64,1,16,,5,,187,,187,187,5,1,3,2,4,1,,,,,,9,9,5,1,5,,,,,,,,,,,,,,,,,,,,,,,,,,,,2,2,1,1,1,1,1,1,1,1,1,1,9,5,9,5,1,Advertising,CorporateFundraiser
R_1IyBtR3ByKwpHP3,5f59963070a31e1f2bb54722,62,2,16,,5,,187,,187,31,5,1,8,3,5,1,,,,,,,,,,,6,9,7,8,2,,,,,,,,,,,,,,,,,,,,,,,1,1,1,1,1,1,1,1,1,1,1,1,8,8,8,8,5,Charity+Counterfactual,CorporateFundraiser
R_3dMsQcabr44jIEJ,606c4e17e616985c2024a585,31,2,16,,3,,187,,187,187,1,4,6,4,2,1,,,,,,8,8,8,8,1,,,,,,,,,,,1,1,1,1,1,1,1,1,1,1,1,1,8,8,7,8,7,,,,,,,,,,,,,,,,,,Advertising,CharitableFundraiser
R_3exCoOocBW0r8gw,607e79fd6c9966814f3df77c,33,2,17,,3,,187,,187,187,1,3,6,4,3,1,,,,,,,,,,,9,9,9,2,1,,,,,,,,,,,,,,,,,,,,,,,2,2,2,2,1,1,1,2,2,1,2,1,6,7,5,7,7,Charity+Counterfactual,CorporateFundraiser
R_1ClnbK9yJhCqbiw,5c0150326a0c6e00013c6068,70,1,16,,5,,187,,187,187,5,2,5,4,7,1,,,,,,8,8,8,8,8,,,,,,,,,,,,,,,,,,,,,,,,,,,,2,2,1,1,1,1,1,1,1,1,1,1,9,9,9,9,9,Advertising,CorporateFundraiser
R_ykxOnNUpzj45DAB,5fcdddcd64fc2dd06a6ceadd,52,1,16,,5,,187,,187,187,1,4,6,1,4,1,,,,,,,,,,,8,8,5,7,5,,,,,,2,2,2,2,2,2,2,2,2,2,2,2,5,5,5,5,5,,,,,,,,,,,,,,,,,,Charity+Counterfactual,CharitableFundraiser
R_2TFxwomKQ8X4EpP,57223b1c01ed330011374d93,61,1,16,,5,,187,,187,187,3,6,3,3,4,1,8,9,8,6,8,,,,,,,,,,,,,,,,2,2,1,1,1,1,1,1,1,1,1,1,4,4,2,6,7,,,,,,,,,,,,,,,,,,Charity,CharitableFundraiser
R_2uPMsqHuJb15MWL,,,,,,,,,,,,,,,,,,,,,,,,,,,,,,,,,,,,,,,,,,,,,,,,,,,,,,,,,,,,,,,,,,,,,,,,,
R_1KlH9VvnujCkNeq,5d8a64630ffb9c001746ca2c,61,1,16,,2,,187,,86,187,1,3,4,4,7,1,,,,,,,,,,,,,,,,7,7,6,6,5,,,,,,,,,,,,,,,,,,1,1,1,1,1,1,1,1,1,1,1,1,7,7,8,8,9,Advertising+Counterfactual,CorporateFundraiser
R_30ufkQy4JG9d70k,5c8eb16ed169ac0001c27629,67,2,16,,5,,187,,187,187,5,2,3,2,5,1,,,,,,9,9,5,5,1,,,,,,,,,,,,,,,,,,,,,,,,,,,,2,2,1,1,1,1,1,1,1,1,1,1,9,5,8,8,5,Advertising,CorporateFundraiser
R_3MEf8GMzyzTeSQe,60367f78082e3dedb8238ea3,74,2,16,,5,,187,,187,187,5,1,3,2,2,1,,,,,,7,7,6,3,3,,,,,,,,,,,2,2,2,2,2,2,2,2,2,2,2,1,6,6,5,5,5,,,,,,,,,,,,,,,,,,Advertising,CharitableFundraiser
R_1Cd041xDpZuxZZq,583ec287ad2f4300014b355a,64,1,16,,5,,187,,187,187,1,3,5,2,2,1,5,7,2,2,6,,,,,,,,,,,,,,,,,,,,,,,,,,,,,,,,,1,1,1,1,1,1,1,1,1,1,1,1,7,7,8,9,9,Charity,CorporateFundraiser
R_3Okwuv6TSKLGIjC,5e30b943ed1662000bdd12ad,60,2,16,,5,,187,,187,187,2,2,4,3,9,1,,,,,,8,8,5,2,2,,,,,,,,,,,2,1,1,1,1,1,1,1,1,1,1,1,6,2,4,9,5,,,,,,,,,,,,,,,,,,Advertising,CharitableFundraiser
R_1omN2NyPSoZh8En,60793081b0ae33afcdb92b43,34,2,16,,3,,187,,89,187,2,3,6,4,8,1,,,,,,,,,,,6,5,5,5,6,,,,,,2,2,2,2,2,1,1,2,1,1,1,1,6,6,6,5,5,,,,,,,,,,,,,,,,,,Charity+Counterfactual,CharitableFundraiser
R_1EXqkRo09lsmtFB,5a5a507d76d1c60001ab2ac7,59,2,16,,5,,187,,187,187,5,1,3,3,5,1,,,,,,,,,,,,,,,,7,9,7,5,3,2,2,2,2,2,2,2,2,2,2,2,2,3,3,2,5,3,,,,,,,,,,,,,,,,,,Advertising+Counterfactual,CharitableFundraiser
R_ZaiZ5x8MQi0Vgdj,5c365b5e8821900001b3876c,60,2,16,,5,,187,,187,187,5,1,5,2,2,1,,,,,,,,,,,5,5,5,7,5,,,,,,2,2,2,2,2,2,2,2,2,2,2,2,3,3,2,5,5,,,,,,,,,,,,,,,,,,Charity+Counterfactual,CharitableFundraiser
R_3oL21y2MoF0amKH,5995be89f9db7d0001895993,63,2,16,,5,,187,,187,187,3,3,5,4,5,1,,,,,,,,,,,8,8,7,8,4,,,,,,,,,,,,,,,,,,,,,,,2,2,2,2,2,2,1,1,1,1,1,1,7,7,7,7,8,Charity+Counterfactual,CorporateFundraiser
R_302nhjgITH0XvDA,5c70c956f11dda0001ff50ab,70,1,16,,3,,187,,187,187,5,3,7,2,3,7,,,,,,9,5,5,5,2,,,,,,,,,,,,,,,,,,,,,,,,,,,,1,1,1,1,1,1,1,1,1,1,1,1,9,9,9,9,9,Advertising,CorporateFundraiser
R_3lKC6Sf5KKTfBRW,5df7e47ef87bca5760860c2a,68,2,16,,5,,187,,187,187,5,2,3,4,6,1,3,2,2,2,3,,,,,,,,,,,,,,,,2,2,2,1,1,1,1,1,1,1,1,1,4,3,4,7,5,,,,,,,,,,,,,,,,,,Charity,CharitableFundraiser
R_2QYTfK3W0ZonciV,5d6d20f4a652d70015a47c2e,62,1,16,,5,,187,,187,187,5,3,5,4,6,1,5,5,5,1,5,,,,,,,,,,,,,,,,2,2,1,1,1,1,1,1,1,1,1,1,9,5,7,8,5,,,,,,,,,,,,,,,,,,Charity,CharitableFundraiser
R_BKSIFFqM9RNsvpn,5dfb693a73d72487b1fe495b,66,1,16,,5,,187,,187,187,1,4,5,3,2,1,,,,,,,,,,,9,9,9,9,1,,,,,,2,2,2,1,1,1,1,1,1,1,1,1,9,9,9,9,9,,,,,,,,,,,,,,,,,,Charity+Counterfactual,CharitableFundraiser
R_3IWRAUQahXSSPvf,5a6115d2b9e3b50001a6ca82,60,2,16,,5,,187,,187,187,1,6,6,4,9,1,,,,,,,,,,,8,8,6,8,2,,,,,,,,,,,,,,,,,,,,,,,2,2,2,2,2,1,1,1,1,1,1,1,8,5,5,5,5,Charity+Counterfactual,CorporateFundraiser
R_10r9mPF4AdTugaT,5e2d96d3bc554937d1b3917a,64,1,16,,5,,187,,187,187,1,3,5,1,3,1,,,,,,,,,,,,,,,,5,1,1,1,5,2,2,1,1,1,1,1,1,1,1,1,1,7,1,7,8,7,,,,,,,,,,,,,,,,,,Advertising+Counterfactual,CharitableFundraiser
R_8nYAG1TbiR1tdYJ,5d1a13a0ae692800192fa1c2,64,2,16,,5,,187,,187,187,5,1,5,3,5,1,5,5,2,1,9,,,,,,,,,,,,,,,,2,2,2,2,2,2,2,2,2,2,2,1,4,4,2,3,3,,,,,,,,,,,,,,,,,,Charity,CharitableFundraiser
R_3enne3XQlIzkOIR,59894fbbda239a0001fb8e16,61,2,16,,5,,187,,187,187,2,1,4,1,2,1,2,2,2,2,8,,,,,,,,,,,,,,,,,,,,,,,,,,,,,,,,,2,2,2,2,2,2,2,2,2,2,2,2,5,5,5,5,5,Charity,CorporateFundraiser
R_1gUyL5R3AZ0n3Qx,5c3c7913b4f22c0001a0809c,68,1,16,,5,,187,,187,187,3,2,2,4,7,1,,,,,,,,,,,7,8,7,3,5,,,,,,2,2,2,2,2,2,2,2,2,2,2,2,7,7,6,7,7,,,,,,,,,,,,,,,,,,Charity+Counterfactual,CharitableFundraiser
R_1rfBdmG1Osa2qHj,5f48e3d7f998433ac6356ad4,63,2,16,,5,,187,,187,187,5,3,7,3,2,7,,,,,,,,,,,7,8,5,4,3,,,,,,,,,,,,,,,,,,,,,,,2,2,2,2,1,1,1,1,1,1,1,1,9,7,7,8,5,Charity+Counterfactual,CorporateFundraiser
R_1dF7HI0QQMdodmr,5fe351df46872ef72e9ed4e7,64,1,16,,5,,187,,187,187,5,3,3,2,2,1,,,,,,,,,,,,,,,,7,7,5,2,5,1,1,1,1,1,1,1,1,1,1,1,1,7,7,6,6,6,,,,,,,,,,,,,,,,,,Advertising+Counterfactual,CharitableFundraiser
R_TmUoEWuErAvRRW9,561d98e03d7fe8000b0f5e09,63,2,16,,5,,187,,187,187,2,2,6,2,2,1,,,,,,,,,,,9,9,9,9,1,,,,,,,,,,,,,,,,,,,,,,,1,1,1,1,1,1,1,1,1,1,1,1,8,8,8,8,8,Charity+Counterfactual,CorporateFundraiser
R_1d4fFxHNQR03qo5,5e02e86e67f170e232425286,61,2,16,,5,,187,,187,187,4,1,3,3,3,1,2,1,1,1,9,,,,,,,,,,,,,,,,2,2,2,2,2,2,2,2,2,2,2,2,2,1,1,1,1,,,,,,,,,,,,,,,,,,Charity,CharitableFundraiser
R_3p6dmbgLGlswUrg,6029acb673830e93bcc9230f,70,1,16,,5,,187,,187,187,5,3,3,6,9,1,,,,,,9,9,8,6,1,,,,,,,,,,,2,2,2,1,1,1,1,1,1,1,1,1,5,5,1,8,4,,,,,,,,,,,,,,,,,,Advertising,CharitableFundraiser
R_bdOxPzUZEVVpCI9,5ee64e85c682de3a880579c6,72,1,16,,5,,187,,187,187,5,3,5,2,2,1,,,,,,,,,,,,,,,,8,5,2,3,4,2,2,2,2,2,2,2,2,2,2,2,2,3,3,1,2,2,,,,,,,,,,,,,,,,,,Advertising+Counterfactual,CharitableFundraiser
R_323hYEAaJQ12wbA,5c92870723bd7e001870138e,77,1,16,,1,,187,,187,187,4,3,5,4,5,1,,,,,,8,6,5,3,3,,,,,,,,,,,,,,,,,,,,,,,,,,,,2,2,1,1,1,1,1,1,1,1,1,1,8,7,8,9,9,Advertising,CorporateFundraiser
R_2tfMsimALWC4u5I,5f15ba922eed6a21fe83e78a,75,1,16,,5,,187,,187,187,5,3,5,1,2,1,,,,,,8,8,7,2,3,,,,,,,,,,,2,2,2,2,2,2,2,2,2,2,2,2,6,5,3,4,3,,,,,,,,,,,,,,,,,,Advertising,CharitableFundraiser
R_1LdJwpOx9bRKFow,5ff5f97818decb10983e9771,64,2,16,,5,,187,,185,187,5,2,2,4,8,1,,,,,,,,,,,,,,,,5,7,5,2,6,,,,,,,,,,,,,,,,,,1,1,1,1,1,1,1,1,1,1,1,1,5,5,5,7,5,Advertising+Counterfactual,CorporateFundraiser
R_2zi1dmbrA76phXL,5898b6e256357700011c2c6b,63,1,16,,5,,187,,187,187,1,3,7,4,7,1,,,,,,,,,,,,,,,,7,6,6,6,5,,,,,,,,,,,,,,,,,,2,2,2,2,2,2,2,1,1,1,1,1,6,7,7,7,3,Advertising+Counterfactual,CorporateFundraiser
R_3hhaQB299Yl8IDw,5e84f020507cd30b367b2624,66,1,16,,5,,187,,137,187,5,4,6,2,4,1,,,,,,6,9,5,5,2,,,,,,,,,,,2,2,1,1,1,1,1,1,1,1,1,1,7,7,8,8,5,,,,,,,,,,,,,,,,,,Advertising,CharitableFundraiser
R_1JVddCX40aov42x,5f81ead00afba52e71dcf414,65,1,16,,5,,187,,187,187,5,3,2,3,5,1,,,,,,8,8,8,8,4,,,,,,,,,,,,,,,,,,,,,,,,,,,,2,2,2,2,2,2,2,2,2,1,1,1,8,8,9,8,7,Advertising,CorporateFundraiser
R_3oXjfFdKeRTOgC3,5b6f49b7d60bdd0001ade437,65,1,16,,5,,187,,187,65,1,3,6,4,7,1,,,,,,9,9,9,9,1,,,,,,,,,,,2,2,1,1,1,1,1,1,1,1,1,1,9,9,9,9,9,,,,,,,,,,,,,,,,,,Advertising,CharitableFundraiser
R_1LiGTKGS2cIfLRH,5de742ec31229a6c3fe709da,66,1,16,,5,,187,,187,187,5,2,2,4,6,1,,,,,,,,,,,,,,,,5,5,5,1,5,,,,,,,,,,,,,,,,,,1,1,1,1,1,1,1,1,1,1,1,1,3,3,5,8,5,Advertising+Counterfactual,CorporateFundraiser
R_D63g9KlG2KLV4XL,56e70a4cc89073000de74a5f,71,1,16,,5,,187,,187,187,1,2,3,5,8,1,5,5,1,1,9,,,,,,,,,,,,,,,,2,2,2,2,2,2,2,2,2,2,2,2,1,1,1,1,1,,,,,,,,,,,,,,,,,,Charity,CharitableFundraiser
R_2dFRqrwMPA5klHl,,,,,,,,,,,,,,,,,,,,,,,,,,,,,,,,,,,,,,,,,,,,,,,,,,,,,,,,,,,,,,,,,,,,,,,,,
R_3j2jU1HJLlyovfW,5e9c8deb90dd470441c7f98e,64,2,17,,5,,187,,187,187,3,5,6,4,7,1,,,,,,,,,,,9,9,5,5,5,,,,,,2,1,1,1,1,1,1,1,1,1,1,1,9,9,9,9,9,,,,,,,,,,,,,,,,,,Charity+Counterfactual,CharitableFundraiser
R_1FDPKgnqb5BXy9H,58e558cc728bea0001bbda24,63,2,16,,5,,187,,48,187,1,1,2,3,5,1,,,,,,7,7,7,6,4,,,,,,,,,,,2,2,1,1,1,1,1,1,1,1,1,1,6,6,5,6,5,,,,,,,,,,,,,,,,,,Advertising,CharitableFundraiser
R_T7Lgw3qmO0Mim4N,60823339eaef1ec71f38d,53,2,16,,6,bi-racial,187,,168,187,1,4,6,2,2,1,5,4,4,1,5,,,,,,,,,,,,,,,,,,,,,,,,,,,,,,,,,2,2,1,1,1,1,1,1,1,1,1,1,5,5,5,5,6,Charity,CorporateFundraiser
R_1St3pnv7n5ebAA1,5484655ffdf99b07b28f22cc,73,1,16,,5,,187,,187,187,1,2,6,2,2,1,,,,,,,,,,,8,8,8,8,2,,,,,,1,1,1,1,1,1,1,1,1,1,1,1,7,7,7,7,7,,,,,,,,,,,,,,,,,,Charity+Counterfactual,CharitableFundraiser
R_1erZxDTH4R16lqh,5ff3ae0ff4e2339f1bde4f54,65,1,16,,5,,187,,187,187,2,4,8,3,5,1,8,8,7,3,3,,,,,,,,,,,,,,,,,,,,,,,,,,,,,,,,,2,1,1,1,1,1,1,1,1,1,1,1,8,8,8,7,5,Charity,CorporateFundraiser
R_1jHUcpmrdvgAtvT,5e76c87c0fd39b22d52eba04,65,2,16,,5,,187,,187,187,1,2,5,3,5,1,,,,,,8,8,8,2,1,,,,,,,,,,,2,2,1,1,1,1,1,1,1,1,1,1,9,9,9,9,9,,,,,,,,,,,,,,,,,,Advertising,CharitableFundraiser
R_urimXXCnr5qHUjf,56db4c217dcddf000bd5853c,62,2,16,,5,,187,,187,187,2,2,5,2,2,1,,,,,,8,8,7,2,1,,,,,,,,,,,,,,,,,,,,,,,,,,,,2,2,2,2,2,2,2,2,2,2,2,2,4,4,8,9,4,Advertising,CorporateFundraiser
R_1JRtEeSOt1k4F09,6068bf5914131f3a1a80a413,66,1,16,,5,,187,,187,187,5,3,8,2,3,1,,,,,,,,,,,,,,,,7,7,5,2,4,2,2,2,2,2,2,2,2,2,2,2,1,7,6,6,8,7,,,,,,,,,,,,,,,,,,Advertising+Counterfactual,CharitableFundraiser
R_1n1oXDg8A6iDZup,606f0a1dbfc32d7fe5866ff9,73,2,16,,5,,187,,187,187,5,4,5,2,2,1,5,8,5,4,5,,,,,,,,,,,,,,,,2,2,2,2,2,1,1,1,1,1,1,1,6,6,5,5,5,,,,,,,,,,,,,,,,,,Charity,CharitableFundraiser
R_2QVOGzCTkOZIkhp,60640bc4c2b37e0ae0716422,64,1,16,,5,,187,,187,187,4,1,4,2,3,1,5,2,5,6,5,,,,,,,,,,,,,,,,,,,,,,,,,,,,,,,,,2,2,1,1,1,1,1,1,1,1,1,1,2,2,2,3,8,Charity,CorporateFundraiser
R_2sbbhyc0jpPJA5X,604bd44cb5668ba12cc9376e,72,2,16,,5,,187,,187,187,3,5,4,1,2,1,6,7,4,1,3,,,,,,,,,,,,,,,,2,2,1,1,1,1,1,1,1,1,1,1,9,9,9,9,9,,,,,,,,,,,,,,,,,,Charity,CharitableFundraiser
R_1OiYutJftAJbrWw,6063737f1039adcbf6428ac2,62,2,16,,5,,187,,187,187,1,3,5,2,3,1,,,,,,9,9,9,9,1,,,,,,,,,,,,,,,,,,,,,,,,,,,,1,1,1,1,1,1,1,1,1,1,1,1,1,8,8,8,5,Advertising,CorporateFundraiser
R_SVIQSLUzeMf602R,5e975ea254955d0bfe9f7929,63,2,16,,5,,187,,187,187,1,3,6,4,8,1,,,,,,9,9,7,5,2,,,,,,,,,,,2,2,1,1,1,1,1,1,1,1,1,1,7,7,8,8,7,,,,,,,,,,,,,,,,,,Advertising,CharitableFundraiser
R_1MRsJ7EfiW4bZL7,60423e580fe8980876f7d6cc,64,2,16,,5,,187,,187,187,2,3,6,4,5,1,2,3,1,1,2,,,,,,,,,,,,,,,,,,,,,,,,,,,,,,,,,1,1,1,1,1,1,1,1,1,1,1,1,8,8,9,8,8,Charity,CorporateFundraiser
R_1myeJZEfzt2PteT,5df4565dfeea89323021ef27,64,2,16,,5,,187,,187,187,5,3,5,1,2,1,,,,,,,,,,,,,,,,5,5,6,3,5,,,,,,,,,,,,,,,,,,2,2,1,2,1,1,1,1,1,1,1,1,5,5,5,5,6,Advertising+Counterfactual,CorporateFundraiser
R_3Hi8TpjgotbdZ8v,5c03e4d240e34600012477d5,62,2,16,,5,,187,,187,187,5,4,5,3,6,1,,,,,,,,,,,8,8,5,8,7,,,,,,2,2,1,1,1,1,1,1,1,1,1,1,9,9,9,9,5,,,,,,,,,,,,,,,,,,Charity+Counterfactual,CharitableFundraiser
R_3qdLjqTds0zh7DC,5bf55a643a426e00019e3990,58,1,16,,5,,187,,187,187,1,3,5,3,4,1,,,,,,,,,,,,,,,,7,7,5,3,3,2,2,1,1,1,1,1,1,1,1,1,1,5,5,6,6,6,,,,,,,,,,,,,,,,,,Advertising+Counterfactual,CharitableFundraiser
R_WATxKjZkM4gjYaJ,5e1276f7e69d0a912635da16,62,2,16,,5,,187,,187,187,1,4,5,3,3,1,,,,,,,,,,,6,9,6,5,3,,,,,,,,,,,,,,,,,,,,,,,2,2,1,2,1,1,1,1,1,1,1,1,5,5,5,4,5,Charity+Counterfactual,CorporateFundraiser
R_1ps8YZ9jHXYRi6w,5e753094e8a6f10a9805ed9a,65,2,16,,5,,187,,187,187,5,3,5,1,2,1,,,,,,,,,,,9,9,9,9,1,,,,,,,,,,,,,,,,,,,,,,,1,1,1,1,1,1,1,1,1,1,1,1,9,9,9,9,9,Charity+Counterfactual,CorporateFundraiser
R_3F23k4ayGTBrTfl,5fd0ed3ee993330172b0b97a,70,1,16,,5,,187,,187,187,5,2,6,2,5,1,,,,,,,,,,,,,,,,7,8,8,4,2,2,2,2,1,1,1,1,1,1,1,1,1,8,8,8,8,8,,,,,,,,,,,,,,,,,,Advertising+Counterfactual,CharitableFundraiser
R_27IGHuS3LsMciyh,5b93b5481b20d100018f0b97,74,1,16,,5,,187,,187,187,1,3,5,4,8,1,9,9,8,7,2,,,,,,,,,,,,,,,,,,,,,,,,,,,,,,,,,2,2,2,1,1,1,1,1,1,1,1,1,9,9,9,9,9,Charity,CorporateFundraiser
R_1pyBt9sqJLSJ96l,5e3d679eaa341501c1a5a90b,64,2,17,,5,,187,,187,187,5,2,5,4,5,1,5,9,5,1,5,,,,,,,,,,,,,,,,,,,,,,,,,,,,,,,,,2,2,1,1,1,1,1,1,1,1,1,1,9,9,9,9,9,Charity,CorporateFundraiser
R_25Gc3yiQE922LJg,,,,,,,,,,,,,,,,,,,,,,,,,,,,,,,,,,,,,,,,,,,,,,,,,,,,,,,,,,,,,,,,,,,,,,,,,
R_2U6nPlf0nQFZztg,5f088f7bfce3dd0ba4130c3f,69,2,16,,5,,187,,187,187,5,1,2,5,5,1,,,,,,,,,,,5,6,5,8,7,,,,,,,,,,,,,,,,,,,,,,,2,2,1,2,2,2,2,2,2,2,2,1,7,6,6,7,6,Charity+Counterfactual,CorporateFundraiser
R_RrB34wT3EOJZnsB,5d16badb7b0154001a282fdb,66,2,16,,3,,187,,187,187,2,2,3,2,3,1,,,,,,,,,,,1,1,1,1,1,,,,,,2,2,1,1,1,1,1,1,1,1,1,1,5,5,4,8,5,,,,,,,,,,,,,,,,,,Charity+Counterfactual,CharitableFundraiser
R_z2swx1kSlBXM6mR,5bc5552a23ecbb00012d6cb5,65,2,16,,5,,187,,187,187,1,3,2,3,8,1,6,5,3,2,2,,,,,,,,,,,,,,,,,,,,,,,,,,,,,,,,,2,2,2,2,1,1,1,1,1,1,1,1,5,5,3,3,3,Charity,CorporateFundraiser
R_OIRmwdMQKMch7LX,5dd56e51954d1952f17bb57b,67,2,17,,5,,187,,187,187,3,1,5,2,4,1,8,8,8,5,8,,,,,,,,,,,,,,,,,,,,,,,,,,,,,,,,,2,2,2,1,1,1,1,1,1,1,1,1,6,6,7,8,8,Charity,CorporateFundraiser
R_1I6udme3Qv76pi2,5eaa0cc0fb0fca17a3006d9c,62,1,67,52,2,,78,37,78,78,3,4,6,2,3,1,,,,,,,,,,,,,,,,9,7,6,3,1,,,,,,,,,,,,,,,,,,1,1,1,1,1,1,1,1,1,1,1,1,9,9,9,7,7,Advertising+Counterfactual,CorporateFundraiser
R_3p55PDA9rluPkRo,608c451be10e84b9fc005f3e,70,2,16,,3,,187,,187,187,2,1,6,3,3,1,,,,,,8,8,5,6,4,,,,,,,,,,,2,2,2,2,2,2,2,2,2,2,2,2,1,1,1,1,1,,,,,,,,,,,,,,,,,,Advertising,CharitableFundraiser
R_82kNh3Crb0tR8AN,5f106ee6b1b83d04c55aef29,62,2,16,,5,,187,,187,187,2,2,5,3,3,1,8,8,8,8,3,,,,,,,,,,,,,,,,2,2,2,2,2,2,2,2,2,2,2,2,4,4,3,6,4,,,,,,,,,,,,,,,,,,Charity,CharitableFundraiser
R_XHrneOlF6NRcVrP,5eb2bffa2f51de04d4f35219,60,1,16,,5,,187,,187,187,1,3,5,3,5,1,8,7,7,5,4,,,,,,,,,,,,,,,,,,,,,,,,,,,,,,,,,1,1,1,1,1,1,1,1,1,1,1,1,7,7,7,7,7,Charity,CorporateFundraiser
R_211brmSaU1dk9F4,5f0395a63963d05bc235abdb,63,2,16,,5,,31,40,143,31,5,3,5,2,2,1,,,,,,,,,,,,,,,,7,8,5,1,2,,,,,,,,,,,,,,,,,,2,2,2,2,2,2,2,2,2,1,1,1,6,6,6,6,5,Advertising+Counterfactual,CorporateFundraiser
R_22VufmSbcEv3W4V,5bf43ba0f35e0c0001017133,50,2,16,,4,,187,,187,111,4,3,5,3,3,1,,,,,,,,,,,2,1,1,1,8,,,,,,,,,,,,,,,,,,,,,,,1,1,1,1,1,1,1,1,1,1,1,1,4,4,4,4,4,Charity+Counterfactual,CorporateFundraiser
R_PzgNk6wr9Eb1FGV,5dd4189ef30aa640b4e9c094,56,1,16,,5,,187,,187,187,3,2,3,1,9,1,,,,,,5,6,5,4,5,,,,,,,,,,,,,,,,,,,,,,,,,,,,2,2,1,1,1,1,1,1,1,1,1,1,5,5,5,6,5,Advertising,CorporateFundraiser
R_yloL6DnCi0fWXg5,5b9efb73d1ff7a00013bfe84,53,2,16,,6,mixed,187,,187,187,1,1,5,1,5,1,,,,,,,,,,,5,8,2,5,6,,,,,,,,,,,,,,,,,,,,,,,2,2,1,1,1,1,1,1,1,1,1,1,6,5,5,6,5,Charity+Counterfactual,CorporateFundraiser
R_2UYQVbQxX4weXtD,5c567e2acc53750001751cb0,72,1,16,,4,,187,,187,187,5,4,4,4,7,1,,,,,,9,9,9,1,1,,,,,,,,,,,,,,,,,,,,,,,,,,,,2,2,2,2,2,2,2,2,2,2,1,1,9,9,9,9,9,Advertising,CorporateFundraiser
R_32JES8vhhNpfIyv,5e79340b6d9a624e3f39586d,43,1,16,,6,,187,,36,187,1,3,5,3,5,1,,,,,,,,,,,,,,,,7,7,5,3,4,,,,,,,,,,,,,,,,,,1,1,1,1,1,1,1,1,1,1,1,1,6,5,5,6,5,Advertising+Counterfactual,CorporateFundraiser
R_3Rr4DbbscpCXgFB,5fed341d46872ef4c4542e2f,69,1,16,,2,,86,57,86,187,5,3,5,2,2,1,9,9,7,9,3,,,,,,,,,,,,,,,,,,,,,,,,,,,,,,,,,1,1,1,1,1,1,1,1,1,1,2,1,8,8,8,8,8,Charity,CorporateFundraiser
R_3gYjBxhfixoagym,5fc44494862e3e78b8181623,61,1,16,,3,,187,,187,187,1,3,3,3,5,1,,,,,,,,,,,,,,,,3,1,1,1,4,,,,,,,,,,,,,,,,,,2,2,1,1,1,2,2,2,2,2,2,2,5,5,4,6,2,Advertising+Counterfactual,CorporateFundraiser
R_2wi6yXoY8qlMeoz,546ec14dfdf99b2bc7ebd032,57,1,76,45,2,,1358,46,196,36,3,2,4,5,8,1,,,,,,,,,,,4,5,2,6,8,,,,,,2,2,2,2,2,2,2,2,2,2,2,2,3,3,2,6,5,,,,,,,,,,,,,,,,,,Charity+Counterfactual,CharitableFundraiser
R_2VQoGmVnEUdl4rm,5e8cf14c0bec230b335e060d,45,2,16,,6,Caribbean,177,27,177,177,4,3,2,3,5,1,,,,,,,,,,,,,,,,7,7,7,5,2,,,,,,,,,,,,,,,,,,1,1,1,1,1,1,1,1,1,1,1,1,8,8,8,8,8,Advertising+Counterfactual,CorporateFundraiser
R_3j8WNXT9Z0mO3wt,5be42f3b98f5f40001a994f4,63,1,16,,5,,187,,187,187,1,3,5,2,3,1,,,,,,9,8,5,5,1,,,,,,,,,,,2,2,2,2,2,2,2,2,2,2,2,2,3,3,2,2,2,,,,,,,,,,,,,,,,,,Advertising,CharitableFundraiser
R_3r2nwpND4NJPZX6,5f653a8a5914b30b4d24c365,53,1,16,,3,,187,,187,187,1,3,6,3,2,1,1,1,1,3,9,,,,,,,,,,,,,,,,2,2,2,2,2,2,2,2,2,2,2,2,1,1,1,1,1,,,,,,,,,,,,,,,,,,Charity,CharitableFundraiser
R_2AL5KdZ8DBotPRv,5e41c1315bb2570548948925,63,1,16,,2,,187,,187,187,3,3,7,2,3,1,,,,,,8,8,5,8,2,,,,,,,,,,,1,1,1,1,1,1,1,1,1,1,1,1,8,8,8,8,8,,,,,,,,,,,,,,,,,,Advertising,CharitableFundraiser
R_5i1GzU20Va36fKh,5dceca2541afe801a32e27ac,76,2,16,,3,,187,,187,187,5,1,6,2,2,1,,,,,,9,9,5,6,5,,,,,,,,,,,,,,,,,,,,,,,,,,,,1,1,1,1,1,1,1,1,1,1,1,1,8,8,9,9,8,Advertising,CorporateFundraiser
R_2cjPP8JIsn9cxpI,5ed559e5afbd830e2117ed55,60,1,16,,5,,187,,187,187,1,3,6,3,4,1,,,,,,,,,,,7,8,6,7,6,,,,,,2,2,1,1,1,1,1,1,1,1,1,1,7,6,7,8,7,,,,,,,,,,,,,,,,,,Charity+Counterfactual,CharitableFundraiser
R_2wRheVTA8UFTrIp,5ebe015ae70ab70008895dbd,58,1,16,,3,,177,33,177,177,1,3,3,3,3,1,,,,,,7,7,7,7,2,,,,,,,,,,,,,,,,,,,,,,,,,,,,1,1,1,1,1,1,1,1,1,1,1,1,8,8,8,8,8,Advertising,CorporateFundraiser
R_pRY246dHriqrvWx,55d7e6f669dbc30012b6826e,64,2,16,,5,,187,,187,187,5,1,3,3,4,1,,,,,,,,,,,,,,,,6,3,4,1,5,,,,,,,,,,,,,,,,,,2,2,2,2,2,1,1,1,1,1,1,1,5,4,4,3,2,Advertising+Counterfactual,CorporateFundraiser
R_cIreLom1OmQq1rP,5d4e212b81ca1c001b21672c,74,1,16,,3,,187,,187,187,4,2,5,2,2,1,,,,,,,,,,,9,9,9,9,1,,,,,,,,,,,,,,,,,,,,,,,2,2,2,1,1,1,1,1,1,1,1,1,6,7,6,7,8,Charity+Counterfactual,CorporateFundraiser
R_DVtpGtawBVMoac1,5e9ca054511e7a1c5c5640e5,52,1,16,,2,,118,51,118,118,1,5,6,5,8,1,,,,,,9,9,9,9,1,,,,,,,,,,,2,1,1,1,1,1,1,1,1,1,1,1,5,5,5,5,5,,,,,,,,,,,,,,,,,,Advertising,CharitableFundraiser
R_33jXMRAjyzLfY6u,6078b164d87e8b5c2b1dd903,57,1,16,,3,,187,,187,187,3,3,5,4,4,1,,,,,,,,,,,,,,,,5,7,5,3,2,2,2,1,1,1,1,1,1,1,1,1,1,6,5,5,4,5,,,,,,,,,,,,,,,,,,Advertising+Counterfactual,CharitableFundraiser
R_xEfczTAlviU3X8J,5dc9f3a0e2633171257d503e,68,2,16,,1,,187,,187,187,1,2,3,1,2,1,,,,,,,,,,,8,9,9,9,1,,,,,,,,,,,,,,,,,,,,,,,1,1,1,1,1,1,1,1,1,1,1,1,9,1,9,8,8,Charity+Counterfactual,CorporateFundraiser
R_1gtIjHKxe5yJyJZ,5c19fd69e567460001839e98,65,2,16,,3,,187,,187,187,4,2,5,2,2,1,,,,,,,,,,,5,6,5,2,7,,,,,,2,2,1,1,1,1,1,1,1,1,1,1,5,5,7,7,5,,,,,,,,,,,,,,,,,,Charity+Counterfactual,CharitableFundraiser
R_AtzZln8Nu6xSHSh,5c0017c8f4fb890001d68650,61,2,16,,3,,187,,187,187,5,2,3,1,4,1,,,,,,,,,,,8,7,5,6,5,,,,,,2,2,2,1,1,1,1,1,1,1,1,1,2,1,1,3,2,,,,,,,,,,,,,,,,,,Charity+Counterfactual,CharitableFundraiser
R_1Q0pr3O98rQrRNT,6090a3d3c3cafc0059863eff,31,2,16,,2,,187,,162,162,1,3,5,3,9,1,2,4,3,3,6,,,,,,,,,,,,,,,,2,2,2,2,2,2,2,2,2,2,2,2,7,7,6,7,6,,,,,,,,,,,,,,,,,,Charity,CharitableFundraiser
R_a3h73z8fzNuwWPL,59c86f966a287600011c393e,52,1,16,,6,Biracial Afro Caribbean American / White European American,85,40,187,85,3,1,3,2,2,1,,,,,,,,,,,,,,,,5,7,5,2,7,,,,,,,,,,,,,,,,,,2,1,1,1,1,1,1,1,1,1,1,1,7,7,5,3,3,Advertising+Counterfactual,CorporateFundraiser
R_6EXGPVeeQiLiEQp,5d5885bcfe6fea0019b2cdd5,21,2,74,3,2,,192,2,192,192,4,3,4,6,9,1,,,,,,7,9,6,5,5,,,,,,,,,,,1,1,1,1,1,1,1,1,1,1,1,1,7,7,8,8,7,,,,,,,,,,,,,,,,,,Advertising,CharitableFundraiser
R_22EUSrLGkpD8ZlS,604ccb35d5ea2da059899e68,27,2,16,,2,,187,,78,78,4,3,5,3,5,1,,,,,,8,9,5,3,3,,,,,,,,,,,2,1,1,1,1,1,1,1,1,1,1,1,5,7,4,6,6,,,,,,,,,,,,,,,,,,Advertising,CharitableFundraiser
R_2tGwtfTWdwQTFto,5d1e5e30a043ee0019453932,32,1,16,,3,,17,24,144,144,2,1,5,3,4,1,,,,,,,,,,,9,8,1,1,9,,,,,,2,2,2,2,2,2,2,2,2,1,1,1,7,6,3,2,2,,,,,,,,,,,,,,,,,,Charity+Counterfactual,CharitableFundraiser
R_23df9HPPQ09lPYE,5ddae85b393bd3a44d7cbaaa,39,2,16,,5,,187,,187,187,1,3,4,1,5,1,7,7,5,4,6,,,,,,,,,,,,,,,,,,,,,,,,,,,,,,,,,1,1,1,1,1,1,1,1,1,1,1,1,2,7,7,6,7,Charity,CorporateFundraiser
R_2ayHdfZYRV4Zyot,5e45ef4545ab320df30c78ad,29,1,16,,5,,187,,187,187,1,3,5,2,2,1,5,5,6,2,3,,,,,,,,,,,,,,,,,,,,,,,,,,,,,,,,,1,1,1,1,1,1,1,1,1,1,1,1,5,5,6,5,6,Charity,CorporateFundraiser
R_Bup7GAdLIWJuOTT,60808070af357ce4b7b8e7f7,20,2,16,,2,,187,,192,192,4,2,2,2,4,1,,,,,,,,,,,,,,,,5,3,4,4,7,,,,,,,,,,,,,,,,,,1,1,2,1,1,1,2,1,1,1,1,1,5,4,5,5,3,Advertising+Counterfactual,CorporateFundraiser
R_3CTLVjlrrvc1Olf,604ae23075cb7165f9730564,49,1,16,,4,,187,,135,135,1,2,5,3,4,1,,,,,,,,,,,5,5,5,5,5,,,,,,1,1,2,2,1,2,1,1,2,1,1,1,5,5,5,5,5,,,,,,,,,,,,,,,,,,Charity+Counterfactual,CharitableFundraiser
R_3EM9fH7bhdmFxm6,5d1ba5653788ac0019ced548,37,2,17,,4,,187,,111,111,1,4,5,1,2,1,,,,,,9,8,8,8,1,,,,,,,,,,,,,,,,,,,,,,,,,,,,2,2,2,1,1,1,1,1,1,1,1,1,7,2,2,3,3,Advertising,CorporateFundraiser
R_3dDzoWmfrbSxqEx,5ea2239c0e3ccf12830d5909,27,2,16,,2,,187,,187,187,1,3,5,3,5,1,,,,,,,,,,,7,6,7,6,7,,,,,,2,1,1,1,1,1,1,1,1,1,1,1,6,7,8,8,8,,,,,,,,,,,,,,,,,,Charity+Counterfactual,CharitableFundraiser
R_26kEaXxib9PfZ1V,5f62bff03a4958215b85d8bf,22,1,16,,6,Black,187,,187,187,3,3,4,3,5,1,,,,,,7,7,5,5,4,,,,,,,,,,,,,,,,,,,,,,,,,,,,1,1,1,1,1,1,1,1,1,1,1,1,8,7,6,6,6,Advertising,CorporateFundraiser
R_2uQjpgHdDEzFGwi,607775750a96a1e2ce6c55bc,31,1,16,,3,,187,,187,187,1,4,6,2,2,1,,,,,,,,,,,6,6,7,7,4,,,,,,2,2,1,1,1,1,1,1,1,1,1,1,7,6,5,7,7,,,,,,,,,,,,,,,,,,Charity+Counterfactual,CharitableFundraiser
R_1cUKNr6hd40evSW,606af325c1d70b62fea370e1,40,1,16,,3,,187,,187,187,1,4,5,5,8,1,,,,,,,,,,,5,5,5,5,5,,,,,,,,,,,,,,,,,,,,,,,1,2,1,1,2,1,1,1,1,2,2,1,5,5,5,6,5,Charity+Counterfactual,CorporateFundraiser
R_12JV9jBX2c5TVxI,5d485d2e9fb6d2001683abe3,69,2,16,,5,,187,,187,187,5,1,3,2,3,1,,,,,,,,,,,,,,,,5,5,4,4,5,,,,,,,,,,,,,,,,,,2,2,2,2,2,2,2,2,2,2,2,2,3,3,2,4,3,Advertising+Counterfactual,CorporateFundraiser
R_22lcQtOayGd8XmD,6020773dc4835b6a0950b792,24,2,16,,2,,187,,192,192,1,4,5,1,2,1,6,8,6,3,3,,,,,,,,,,,,,,,,,,,,,,,,,,,,,,,,,2,2,1,1,1,1,1,1,1,1,1,1,8,8,8,9,6,Charity,CorporateFundraiser
R_3JkF6b7kzsw1Rg1,60595574ddc815a1f0428bc4,24,2,16,,2,,36,17,36,36,1,3,5,1,5,1,5,3,3,4,7,,,,,,,,,,,,,,,,2,2,2,1,1,1,1,1,1,1,1,1,5,5,4,5,4,,,,,,,,,,,,,,,,,,Charity,CharitableFundraiser
R_2yf1l8Zq598rInR,5f710cf8423f15749e53499b,28,2,16,,2,,187,,75,75,2,2,6,1,2,1,,,,,,5,7,7,3,2,,,,,,,,,,,,,,,,,,,,,,,,,,,,1,1,1,1,1,1,1,1,1,1,1,1,8,8,8,8,7,Advertising,CorporateFundraiser
R_322rYoRM9GOKnQv,60573290a0b07d401c4e61e0,22,1,16,,2,,75,18,75,75,1,4,2,3,5,1,,,,,,9,8,6,8,5,,,,,,,,,,,2,2,1,1,1,1,1,1,1,1,1,1,7,2,7,8,6,,,,,,,,,,,,,,,,,,Advertising,CharitableFundraiser
R_231Z7avdQVPnP12,5fa4f94e535f3b1aa628e0ab,27,1,16,,2,,187,,192,192,1,4,6,3,5,1,,,,,,,,,,,,,,,,5,5,4,2,5,,,,,,,,,,,,,,,,,,2,2,1,1,1,1,1,1,1,1,1,1,7,5,6,7,5,Advertising+Counterfactual,CorporateFundraiser
R_RVy8ad5FO4u4oAp,608eb848471000d417067f98,24,1,75,24,2,,187,,36,36,1,2,5,3,2,1,,,,,,,,,,,6,7,4,6,5,,,,,,,,,,,,,,,,,,,,,,,2,1,1,1,1,1,1,1,1,1,1,1,6,6,5,6,4,Charity+Counterfactual,CorporateFundraiser
